4218196001337      ,172,1,866,131,34,12043,42.684,-74.4939,8509,4,10/3/1968
4351161559407810000      ,107,0,319,34,34,13027,43.162,-76.3237,31637,357,6/7/1948
4192832764832      ,237,0,61,355,18,70605,30.1693,-93.2218,124276,260,5/30/1989
4238849696532870      ,27,0,276,478,6,6513,41.3072,-72.8654,128884,420,12/26/1950
4514627048281480      ,215,0,810,43,43,76021,32.8536,-97.1358,46885,292,5/22/1972
3517182278248960      ,344,1,471,169,18,70706,30.6085,-90.9038,71335,102,6/18/1984
213193010310510      ,190,0,831,573,45,23146,37.7337,-77.7,3093,341,3/6/1969
4065133387262470      ,90,1,118,206,31,8318,39.5691,-75.163,12702,380,12/27/1944
630447468723      ,69,0,808,498,43,79766,31.7827,-102.3449,137390,398,8/23/1927
2222913619399090      ,24,0,365,711,2,72774,35.9082,-94.2304,6121,7,1/26/1971
4251354278496      ,351,1,840,599,4,95122,37.3293,-121.8339,973849,440,2/26/1998
4874016400529      ,231,1,696,146,43,78416,27.7536,-97.4347,306433,464,8/2/1998
345331586923222      ,303,0,355,280,34,14075,42.7334,-78.8389,41937,282,8/16/2000
6541458685014290      ,333,0,657,33,4,93308,35.4244,-119.0433,520197,98,9/29/1977
3508835615951480      ,111,1,489,136,5,80918,38.9129,-104.7734,525713,324,8/14/1945
6577738721489510      ,285,0,329,179,10,30096,33.9845,-84.1529,103980,162,1/6/1975
4163287083172780      ,343,0,872,179,10,30096,33.9845,-84.1529,103980,228,1/23/1994
4143455812236230000      ,125,1,682,108,14,60645,42.0086,-87.6947,2680484,244,9/26/1948
3573467065627290      ,176,1,631,591,20,21804,38.3508,-75.5338,68541,358,4/4/1959
4708053100330920000      ,240,1,465,563,38,15851,41.0629,-78.8961,6671,257,11/24/1962
6011193149190580      ,154,1,688,545,37,97230,45.5472,-122.5001,841711,429,11/15/1990
4314737996507520000      ,268,0,92,438,3,85203,33.437,-111.8057,478404,387,10/26/1930
6011495788568550      ,241,0,148,353,15,47905,40.4001,-86.8602,98078,475,8/2/1975
4082400842710940      ,169,1,479,418,19,2048,42.0212,-71.2178,23184,45,8/9/1978
2706999386774960      ,111,1,353,592,44,84123,40.6596,-111.9193,594043,1,2/24/1959
4471349361831      ,235,1,27,479,1,35761,34.9,-86.4487,11630,252,3/15/1970
30190659401395      ,210,0,32,562,13,83440,43.81,-111.789,35470,280,4/6/2002
377468071545168      ,296,0,884,177,17,41035,38.7049,-84.6237,10785,497,12/3/1969
4824771093241      ,199,0,174,297,31,7030,40.7445,-74.0329,50005,332,4/12/1934
4398214658404490      ,209,0,883,653,48,53089,43.1441,-88.2271,18568,157,1/25/1973
6011576627028950      ,299,0,878,465,14,61550,40.6148,-89.4604,17721,70,2/15/1962
213191343161170      ,72,1,507,112,4,93610,37.1014,-120.2691,23833,328,2/26/1950
3593792374740740      ,236,0,952,67,1,36426,31.1294,-87.0961,16202,304,2/15/1953
676364090974      ,288,0,533,166,21,4627,44.234,-68.6448,1636,118,7/23/1961
30095214562328      ,273,1,841,726,31,8260,38.9949,-74.838,13661,65,5/7/1949
180016048175499      ,145,1,388,655,4,91342,34.3054,-118.4322,91725,99,9/4/1941
2248267586926170      ,215,0,538,495,14,60452,41.6077,-87.7542,27969,317,4/7/1993
4900532931839330      ,115,0,237,610,34,12866,43.0708,-73.7408,36915,22,2/27/1973
342402681177585      ,195,1,96,304,43,77069,29.9863,-95.5208,2906700,51,3/10/1992
38115921249985      ,242,0,902,102,49,25508,37.9385,-82.0512,9837,330,8/31/1954
375452711116152      ,277,0,167,673,4,90504,33.8708,-118.3295,174353,284,6/6/2007
4585149368991      ,236,0,258,332,43,76058,32.4663,-97.4011,17123,78,4/6/1994
345459910229014      ,96,0,777,104,27,28208,35.2358,-80.8964,790689,471,4/27/1942
6011034324451070      ,258,1,407,108,14,60652,41.7454,-87.7135,2680484,67,9/12/1973
3541605297516130      ,160,0,467,420,48,54448,44.9657,-89.8299,4249,96,8/4/1963
3531243292127790      ,254,0,530,295,37,97124,45.5387,-122.9636,92886,284,8/6/1960
584119986795      ,180,1,944,600,43,78589,26.2044,-98.1537,38004,355,7/24/1989
4037788925546650      ,240,1,517,53,10,31516,31.2931,-82.2617,14735,120,9/8/1935
4486528168505420      ,326,0,332,584,4,95823,38.4797,-121.4438,757530,475,7/22/1965
3506537947383470      ,313,1,477,747,27,27596,36.0078,-78.4412,15619,44,7/9/1991
2261247826137500      ,150,1,620,448,43,76556,30.7304,-96.8807,1461,235,8/18/1953
30010432898610      ,272,1,383,628,31,8873,40.5007,-74.5013,49921,475,1/28/1981
3546095396218510      ,326,0,717,631,34,11419,40.6868,-73.823,47211,57,7/2/1927
3520585277221700      ,107,0,546,246,34,13069,43.3211,-76.4034,24931,159,5/11/1986
4566765277584160000      ,350,0,124,569,4,92507,33.9761,-117.3389,419138,353,8/17/1997
4165820297021350      ,134,0,286,153,40,29332,34.2693,-81.9843,2435,459,12/30/1955
4027868144733      ,352,1,137,516,0,99645,61.6303,-148.9872,25176,431,6/26/1976
341323705895781      ,59,1,693,356,9,32025,30.1601,-82.6396,57683,107,3/16/1955
4289226801824220      ,122,1,428,304,43,77012,29.7149,-95.2819,2906700,425,11/8/1949
4995900109439690      ,231,1,481,22,43,78002,29.2705,-98.7421,8255,382,10/22/1966
3556258815371470      ,85,0,963,739,22,48192,42.2084,-83.1616,25883,409,7/29/1981
6533950047974800      ,290,0,566,527,38,19124,40.0178,-75.0895,1526206,63,7/1/1975
3521655852398680      ,23,1,880,597,4,92154,32.5753,-117.0707,1241364,245,4/28/1987
30470551694093      ,169,1,107,730,48,54986,44.1187,-88.7214,4770,495,4/5/1965
676213075622      ,156,0,33,616,47,98102,47.6302,-122.321,837792,143,12/7/1963
3533484344375750      ,182,1,205,389,2,72212,34.7871,-92.4222,214454,68,8/2/1963
4842199330839      ,231,1,722,542,34,11776,40.9136,-73.0464,24235,248,9/21/1999
4262067240046      ,208,0,792,713,15,47906,40.444,-86.9237,66972,139,1/5/1976
60454932967      ,279,1,141,299,9,33023,25.9894,-80.2153,420284,214,1/21/1974
4453017426841450000      ,340,1,959,353,4,94549,37.8961,-122.1119,26864,417,3/14/1951
676183982252      ,290,0,973,716,25,39773,33.6265,-88.6823,16670,113,4/23/1993
30406403910659      ,240,1,714,397,5,80503,40.1559,-105.1624,117461,335,7/17/1965
2702512868230040      ,181,0,634,36,20,21202,39.2998,-76.6075,635495,490,4/6/1992
2720079030673830      ,258,1,450,194,4,92019,32.7777,-116.9191,165433,248,7/13/1995
6540892687056850      ,238,0,299,649,40,29483,33.028,-80.1739,111788,329,11/15/1937
4351751830467      ,236,0,988,441,15,46360,41.698,-86.8699,43625,176,12/17/1981
4638546785448      ,133,0,766,4,4,91301,34.1227,-118.7573,25488,440,12/28/1968
4536937854777250      ,61,0,809,129,4,93612,36.8149,-119.7106,109930,7,9/15/1982
4008860084840860      ,276,1,827,527,38,19119,40.0547,-75.1866,1526206,316,7/8/1956
3541016668700210      ,172,1,190,233,20,20744,38.7587,-76.9835,50722,232,10/24/1997
343926142939687      ,125,1,194,662,36,74873,35.2502,-96.9667,11821,65,3/5/1955
676347735869      ,160,0,949,169,18,70726,30.459,-90.9027,71335,89,11/19/1997
5512678886101580      ,45,1,52,658,19,2780,41.905,-71.1026,49036,303,6/28/1969
4264647154379930      ,162,1,600,451,22,48746,43.2718,-83.5619,8528,472,2/24/1965
30526547935641      ,280,0,417,368,43,78041,27.5569,-99.4907,248858,23,11/29/1971
4672434266179790000      ,318,0,62,385,31,7036,40.6354,-74.2556,41970,448,9/15/1946
6011014388899370      ,143,0,82,703,48,54401,44.9654,-89.7066,54974,98,1/2/1975
4571775140102      ,287,1,400,657,9,33610,27.9951,-82.4046,717255,365,11/7/1952
4609379660334190      ,49,1,537,234,43,76119,32.6914,-97.2675,813980,418,10/12/1937
3555792499125130      ,111,1,680,74,34,10467,40.8737,-73.8712,1382480,154,8/30/1944
213174225790506      ,169,1,885,401,4,90004,34.0762,-118.3029,2383912,450,4/14/1992
4279788191480      ,278,1,790,405,43,79416,33.5924,-101.9367,254282,203,7/3/1965
2413395962923300      ,208,0,462,541,22,48340,42.668,-83.2893,59853,328,2/4/1954
3532536729466710      ,221,0,846,692,6,6110,41.7326,-72.7337,64177,80,6/8/1986
180036374545891      ,41,0,1,270,27,27403,36.0641,-79.8202,305168,340,8/6/1994
4541520643611030000      ,195,1,57,10,4,94503,38.1668,-122.2553,19681,296,6/27/1979
4189092753269730      ,25,0,660,654,20,21784,39.4567,-76.9696,37941,228,8/31/1962
3504389836403760      ,49,1,60,680,13,83301,42.5565,-114.4693,52010,455,6/11/1992
5191043006848660      ,239,0,150,401,4,90020,34.0665,-118.3022,2383912,427,8/3/1987
4303161799042100000      ,171,1,526,613,29,68661,41.4591,-97.0628,7282,392,12/14/1978
4241913800030750      ,145,1,637,597,4,92120,32.7958,-117.0707,1241364,247,4/2/1960
213123806174457      ,25,0,500,422,4,93933,36.6849,-121.7934,22406,4,8/25/1935
4506413836702410      ,23,1,571,149,17,41014,39.0642,-84.5118,38889,52,10/24/1994
375574313291214      ,60,0,854,727,38,16693,40.4025,-78.2558,4185,32,6/12/1990
378044206788319      ,168,1,4,505,9,33054,25.9097,-80.247,107314,74,2/25/1993
2237215107029660      ,171,1,531,296,11,96720,19.7025,-155.0939,46165,437,10/21/1951
6011838065787590      ,187,0,597,276,35,45849,41.0245,-84.4956,1219,421,12/26/1943
4480396522393      ,117,1,64,472,9,34112,26.1184,-81.7361,276002,387,11/14/2002
676170593252      ,242,0,36,648,18,70665,30.2009,-93.4437,38893,250,11/29/1974
4289539264422090      ,155,0,960,490,12,52317,41.7443,-91.6061,14775,266,5/11/1989
4570433154100670      ,251,1,666,121,38,18411,41.4878,-75.7057,21985,26,2/5/1955
346218159970624      ,211,1,534,88,43,75007,33.0033,-96.882,119595,196,11/4/1994
4506149731032410      ,169,1,757,388,48,54140,44.2842,-88.312,8533,216,5/14/1960
503811586935      ,200,0,798,718,22,48186,42.289,-83.3686,84124,457,12/17/1993
4320616329451160      ,182,1,720,58,9,33431,26.3799,-80.0975,210202,83,2/3/1963
180064679970242      ,146,1,654,348,15,46347,41.3091,-87.024,4760,388,2/22/1959
4546913736785080000      ,240,1,342,414,36,73446,34.0784,-96.7597,8042,165,5/5/1988
4357972798552410      ,100,0,344,494,35,44857,41.2403,-82.6078,23805,407,10/18/1947
3534944665743740      ,236,0,117,283,38,17104,40.2597,-76.8594,165527,54,4/20/1973
4328309652074460      ,156,0,406,335,24,64131,38.9713,-94.5774,545147,444,1/23/1955
3551353465549470      ,290,0,399,292,42,37076,36.1848,-86.6002,35230,127,4/27/1977
341752500743293      ,263,1,969,601,4,94580,37.6787,-122.1295,27152,425,12/3/1961
4033542168940      ,72,1,794,536,43,75023,33.055,-96.7365,278067,156,9/10/1969
4982150648900      ,198,1,2,509,34,13825,42.4133,-75.2079,3442,434,8/25/1976
4184992618914110000      ,82,1,645,62,47,98021,47.7918,-122.2243,107070,380,3/17/1984
2717218114374470      ,19,0,557,363,4,92040,32.8562,-116.9201,41281,7,2/4/1975
379415521667462      ,240,1,223,192,14,62401,39.1217,-88.5611,19096,381,7/27/1973
342771670145088      ,266,1,590,117,38,15025,40.3243,-79.9317,15944,204,11/28/1954
4028772175354080      ,84,1,185,439,9,33187,25.596,-80.507,1737737,87,8/1/1927
2720948837550370      ,125,1,570,167,43,77536,29.6826,-95.1222,30690,434,3/21/1977
4149331637351600      ,318,0,803,237,27,27524,35.404,-78.4153,12338,40,8/14/1941
3521699586693460      ,334,0,277,684,4,91354,34.4466,-118.5374,61327,239,11/28/2002
180015879968469      ,276,1,208,144,38,15108,40.5,-80.1996,40153,235,7/6/1935
4571983863842      ,238,0,664,196,43,79938,31.8045,-105.9661,749635,433,12/24/1964
4212281606484220000      ,125,1,269,433,16,67460,38.3763,-97.6702,15168,437,9/7/1960
213182688615334      ,235,1,992,449,41,57252,45.2061,-96.6255,4800,31,10/25/1995
4085887704358110000      ,4,0,619,401,4,90065,34.1073,-118.2266,2383912,130,12/2/2002
503848193465      ,149,0,70,491,35,44133,41.3232,-81.7457,30394,289,4/15/2000
3547660728326840      ,340,1,890,82,27,28715,35.5376,-82.7001,24582,176,8/12/1945
4394312908781410      ,85,0,525,114,34,14428,43.0749,-77.835,8096,492,12/23/1954
376205336452579      ,168,1,817,489,4,91606,34.1872,-118.3865,155954,66,11/16/1959
3593084887256390      ,247,0,822,27,10,30906,33.3589,-82.0099,202193,119,8/19/1987
3550373145303850      ,145,1,516,545,37,97229,45.5483,-122.8276,841711,294,2/4/1980
4557790827237      ,24,0,234,469,19,1908,42.4261,-70.9277,3410,96,8/25/1973
4030299228092020      ,92,0,911,626,18,70461,30.2726,-89.729,84991,327,4/16/1969
3525799136621030      ,192,0,918,690,34,14564,42.9866,-77.418,14487,481,10/28/1983
180050863765993      ,29,0,156,132,9,32922,28.3672,-80.7465,65760,412,1/15/1967
6512694486959460      ,258,1,592,184,35,43920,40.6774,-80.6006,23438,353,4/9/1976
6589026012796110      ,97,1,681,572,14,61101,42.2922,-89.1161,189162,48,7/3/1984
568430988390      ,61,0,24,234,43,76109,32.7002,-97.3789,813980,314,12/18/1979
2704895543937690      ,1,0,193,566,45,23233,37.6455,-77.6266,536907,407,10/25/1967
3569735779071410      ,145,1,369,328,31,7310,40.7324,-74.0431,247530,216,4/20/1990
2702755394237330      ,248,0,348,590,37,97302,44.9039,-123.0445,249657,389,3/1/1953
3579472846392080      ,268,0,563,444,8,19709,39.4815,-75.6832,35107,411,6/4/1943
6011559428434790      ,130,0,658,681,16,67880,37.5792,-101.3488,7878,441,4/14/1949
30026728857441      ,203,0,214,386,44,84042,40.3412,-111.7144,10094,443,12/16/1989
2289399824558770      ,311,1,233,373,17,40342,38.0189,-84.9299,21125,259,10/7/1993
4475987622023410      ,71,0,789,305,22,48843,42.6159,-83.9248,57683,132,11/29/1976
3572282005577840      ,197,0,984,589,23,55125,44.9197,-92.9439,753116,425,4/6/1991
2445642400825470      ,176,1,422,413,4,93638,37.0402,-120.0335,98719,346,10/24/1953
6011416389448460      ,76,1,188,519,2,72373,35.2586,-90.5564,1329,156,7/22/1990
4442703120735640      ,265,0,56,139,35,43207,39.9046,-82.9703,783285,160,3/5/1999
2246730371837640      ,321,0,888,17,45,22202,38.8565,-77.0592,207410,165,7/4/1957
2246502491630090      ,265,0,146,282,4,93230,36.3314,-119.6491,65264,50,10/9/2000
5573585730652400      ,169,1,755,74,34,10469,40.8702,-73.8495,1382480,137,12/6/1975
180070862095937      ,122,1,886,244,4,93728,36.7581,-119.8113,570271,56,4/10/1959
2531096789940530      ,207,1,731,307,9,34667,28.3648,-82.6757,44792,332,5/31/1989
213114138113867      ,78,1,301,340,43,76549,31.0065,-97.841,164094,462,12/25/1982
2223868528975580      ,348,0,668,267,22,49504,42.9737,-85.7265,375580,316,8/10/1997
213140433504880      ,201,0,84,421,10,30064,33.9343,-84.6076,302309,205,3/6/1986
3515727919409610      ,273,1,674,160,43,75235,32.8252,-96.8388,1263321,33,3/21/1994
3520679981364620      ,44,0,643,38,14,60010,42.1614,-88.1383,44095,111,3/22/1932
6011898331465910      ,37,0,368,548,10,30127,33.9135,-84.6859,60347,124,5/12/1979
4103924051477050      ,71,0,850,394,14,60441,41.593,-88.0507,36869,14,12/11/1996
4439407016451040      ,292,1,821,101,3,85248,33.2509,-111.8593,255641,360,7/30/2000
376205554384041      ,298,1,442,200,42,37643,36.3445,-82.2015,33689,118,5/9/1974
6011926495782320      ,195,1,490,721,6,6109,41.7013,-72.6763,26668,424,1/1/1986
3556647423122090      ,215,0,341,582,22,48067,42.4906,-83.1366,57256,376,1/11/1961
4772233060463330      ,39,1,770,704,15,47989,39.902,-87.0178,1281,313,7/29/1976
213177038860861      ,175,1,485,523,30,3076,42.7288,-71.3046,12897,488,3/15/1981
2612982665702790      ,312,1,463,678,4,95379,37.9678,-120.2357,3898,406,8/3/1958
342220644742125      ,340,1,788,197,1,36323,31.4137,-86.0777,8255,69,9/22/1949
3502205020994510      ,31,1,503,733,19,1801,42.4829,-71.1574,38903,463,3/22/1954
2381472145868330      ,216,1,953,9,43,79111,35.2286,-101.6703,220580,498,3/8/1958
30293430107131      ,276,1,558,485,38,17240,40.1333,-77.5669,3345,437,2/22/1999
379902355770272      ,53,0,612,257,16,66743,37.5091,-94.8569,4373,55,3/17/1944
6011996291450460      ,26,0,449,336,38,19348,39.855,-75.7,22232,402,7/17/1961
378452182307683      ,49,1,922,126,35,44130,41.3826,-81.7964,769341,413,6/3/1974
4533448571422410      ,3,1,860,405,43,79424,33.5159,-101.9344,254282,234,8/19/1964
180002070160161      ,155,0,542,506,9,32073,30.1637,-81.7291,98816,80,10/29/1928
4733294562557700      ,39,1,259,39,18,70814,30.4848,-91.0689,378909,250,12/7/1987
3582761539669580      ,240,1,972,311,1,35801,34.7269,-86.5673,190178,352,8/21/1991
4570132902278460      ,215,0,549,178,14,62832,38.0137,-89.2333,9208,277,10/22/1970
6011405800851400      ,90,1,567,587,9,32084,29.9175,-81.3668,109984,441,10/29/1933
4201027621267960000      ,189,0,532,361,47,98258,48.0171,-122.0672,30524,433,4/4/1944
3519712847818910      ,90,1,899,83,4,91304,34.2197,-118.6111,77086,10,2/19/1964
6544209494079290      ,19,0,724,75,34,11212,40.6625,-73.9145,2504700,208,6/11/2004
3592927524372800      ,130,0,287,453,43,75773,32.6661,-95.487,12791,142,7/23/1979
5227674783667420      ,194,0,665,99,4,90703,33.8669,-118.0686,49399,269,9/28/1955
6539385258001060      ,29,0,357,358,9,32744,28.9806,-81.2334,3588,103,5/6/1976
4244717465421400      ,147,0,438,558,4,94063,37.4815,-122.2091,104429,486,7/28/1953
180039174101196      ,246,0,209,92,12,50048,41.5763,-94.5212,861,310,12/17/1928
36618306719854      ,119,0,164,539,4,91768,34.0662,-117.7763,154204,238,7/14/1987
4461571732030930      ,169,1,877,245,12,52749,41.3486,-91.1237,925,414,1/3/2000
4027079032024      ,231,1,939,407,19,1462,42.5884,-71.7266,10086,491,4/4/1962
349825309251148      ,67,1,283,677,3,85743,32.3366,-111.1771,865276,70,11/23/1987
4723248763290920000      ,217,0,94,370,33,89110,36.173,-115.0669,1417793,367,2/7/1948
4277220054365      ,85,0,119,286,25,39401,31.3146,-89.3065,82617,452,6/7/1998
4531363631797      ,186,0,977,244,4,93722,36.7918,-119.8801,570271,290,10/5/1950
3542177625349290      ,321,1,702,212,47,98204,47.9017,-122.2472,168159,12,11/17/1990
3592906007806860      ,185,0,748,590,19,1970,42.5151,-70.9003,41109,181,5/23/1945
675942799072      ,169,1,569,290,4,92544,33.739,-116.9243,117746,461,1/23/1950
180001657905527      ,235,1,539,470,38,18634,41.1963,-76.0044,13569,188,10/3/1985
4155778817884790000      ,312,1,253,594,43,78218,29.4969,-98.4032,1595797,126,2/4/1987
4827567043103850000      ,235,1,894,547,46,5058,43.8858,-72.27,346,382,12/13/1998
30292842222314      ,18,0,464,220,45,22460,37.874,-76.605,1876,126,8/11/1996
5167275208854740      ,347,1,765,329,42,37604,36.3107,-82.381,92094,438,5/15/1960
30515093983436      ,14,0,196,318,12,52246,41.6438,-91.5669,77509,339,11/4/1929
377813767426621      ,282,1,487,71,22,49715,46.3891,-84.6981,3130,224,9/7/1945
4264870494787300      ,267,0,726,579,23,55068,44.7378,-93.0685,27490,389,11/29/1989
6571589042902570      ,298,1,468,459,20,21770,39.3512,-77.2494,5164,66,4/22/1978
3585544518952020      ,192,0,522,392,5,80129,39.5397,-105.0109,320420,423,5/14/1942
5507545279852400      ,257,1,241,302,38,18431,41.5792,-75.2528,12666,337,11/17/1965
6011310890714010      ,111,1,945,707,43,79095,34.8717,-100.2207,2686,229,10/20/1996
3589119083342800      ,351,1,771,706,43,76087,32.7495,-97.6894,65228,149,11/1/1998
4151718275487      ,244,0,650,609,9,34238,27.2427,-82.4751,232625,375,11/30/1971
4678112669121530      ,128,0,377,445,44,84047,40.6152,-111.8851,28936,323,7/2/1933
5447732010170260      ,214,0,917,580,4,95661,38.7346,-121.234,122853,214,5/26/1972
6011675677002840      ,310,1,474,380,44,84639,39.5215,-111.9438,963,402,5/23/1973
3545009025590560      ,47,1,506,133,4,96107,38.5029,-119.4828,1269,271,12/17/1976
4986407905696590      ,47,1,791,440,35,45342,39.6321,-84.2675,36784,167,4/27/1999
4049639191954190000      ,71,0,476,12,40,29621,34.5261,-82.6304,93613,434,7/25/1929
4374896908357230      ,52,0,652,370,33,89117,36.1302,-115.2755,1417793,324,8/19/1927
4786603242044820000      ,31,1,429,244,4,93705,36.7863,-119.8286,570271,454,2/6/1967
180071391559633      ,327,1,358,304,43,77036,29.6984,-95.5405,2906700,95,2/8/1998
4575409003486450000      ,295,0,427,160,43,75211,32.7319,-96.9057,1263321,225,6/2/1961
371248156985703      ,255,0,733,127,35,45002,39.1937,-84.734,13388,259,9/23/1991
3596577242954310      ,150,1,310,517,4,94303,37.4673,-122.1388,92558,320,10/9/2001
349108677133341      ,102,0,412,272,15,46936,40.4791,-85.9582,5922,124,6/5/1986
4971072563669      ,248,0,6,353,18,70503,30.1843,-92.0497,151705,484,11/27/2004
578964652809      ,209,0,735,371,20,20708,39.0499,-76.8345,102149,232,5/9/1967
180062572870329      ,31,1,288,104,27,28205,35.22,-80.7881,790689,126,8/19/1955
4993908926137150      ,16,0,595,173,22,48221,42.426,-83.15,673342,379,3/8/1989
349759230450182      ,338,1,244,227,24,63031,38.8069,-90.3401,108973,102,2/28/1988
4158377674996160      ,275,0,615,545,37,97219,45.458,-122.7074,841711,416,9/17/1981
4243864908108180000      ,181,0,497,660,40,29687,34.9245,-82.3197,39561,37,12/6/1959
4945232194168000      ,156,0,710,80,14,60409,41.6153,-87.5483,37186,116,2/16/1978
567236831473      ,67,1,291,208,35,44035,41.3724,-82.1051,64263,241,10/22/1982
2367998407678990      ,321,0,91,513,34,11417,40.6769,-73.8448,53828,497,4/30/1989
503843757389      ,77,0,739,435,42,38106,35.1021,-90.033,697385,172,10/19/1989
4297167433800540      ,136,1,562,175,8,19901,39.1564,-75.4955,69187,212,12/7/1967
4891077119918080000      ,293,1,486,64,31,8805,40.5681,-74.5397,12254,130,2/1/1958
4603754821459      ,243,1,867,259,34,11542,40.865,-73.6277,27633,410,5/21/1980
60481155624      ,154,1,306,423,22,48039,42.6859,-82.5499,7807,440,4/22/1989
213167389975632      ,308,1,302,161,29,69026,40.0377,-100.4242,220,19,9/3/1960
4810548510174900000      ,276,1,461,398,35,44055,41.4361,-82.135,67952,86,5/16/1978
5566110627371580      ,145,1,981,460,27,28115,35.5774,-80.8226,69793,383,10/25/1983
2237702851961150      ,193,1,543,393,38,17045,40.5753,-77.0083,3350,121,5/26/1963
4701851067941      ,191,1,933,685,14,62295,38.2805,-90.3122,1599,498,5/8/1982
676374120944      ,182,1,994,438,3,85206,33.4026,-111.7242,478404,15,12/3/1983
4971895690707      ,128,0,565,321,25,39206,32.37,-90.1738,233060,430,2/4/1929
4620952004615260      ,309,0,349,742,43,77995,29.284,-97.1306,9567,307,11/24/1961
180017063048918      ,90,1,970,138,24,65203,38.9348,-92.3639,139474,300,2/28/1983
30007942007492      ,90,1,418,571,34,14623,43.0834,-77.6344,478127,104,5/4/1966
3554743553795020      ,235,1,31,709,3,85356,32.6935,-114.1561,4539,105,12/7/1961
3517537030453190      ,228,1,764,518,49,26101,39.2644,-81.5354,46768,315,6/16/1970
4999219212493840      ,69,0,875,239,35,45005,39.5357,-84.303,29963,225,6/8/1986
213130468750631      ,126,1,372,539,4,91767,34.0812,-117.7362,154204,257,8/20/1935
6011954317350580      ,276,1,796,561,47,98057,47.4714,-122.2203,141407,47,4/10/1983
4804661963990760      ,181,0,88,531,22,48169,42.4596,-83.9099,20813,473,4/21/1954
4567972320024960      ,175,1,987,2,12,50003,41.6221,-94.038,6594,466,3/4/1980
213165333153777      ,212,0,470,401,4,90020,34.0665,-118.3022,2383912,186,12/2/1971
30563620501503      ,182,1,954,468,1,35661,34.7561,-87.6304,16617,201,11/15/1993
676326153472      ,90,1,962,28,5,80013,39.6575,-104.7846,389246,158,9/24/1968
3530993842530420      ,290,0,187,555,30,3077,43.0325,-71.1912,10155,147,11/13/1993
3574969033373630      ,111,1,488,81,17,42029,37.0147,-88.3811,6321,284,9/20/2001
6576657546027340      ,227,0,895,666,37,97760,44.3909,-121.2379,6757,100,5/26/1971
4444392840449      ,286,0,913,55,14,61704,40.4705,-88.9433,84349,410,4/20/1977
345366377805295      ,294,1,554,139,10,31907,32.4779,-84.898,173903,428,10/20/1998
4599996636186370      ,37,0,425,108,14,60647,41.9209,-87.7043,2680484,155,12/21/1946
4705802566212860000      ,328,0,475,163,22,48126,42.3349,-83.1801,98153,361,2/16/1998
6011859777901470      ,132,0,937,365,4,93535,34.7131,-117.8783,182305,455,4/2/1964
4137681511856720      ,90,1,184,638,24,65803,37.2593,-93.2912,219752,367,6/26/1996
3527422091241860      ,72,1,437,568,43,78582,26.3942,-98.8104,40455,27,4/28/2003
4647090063353310      ,5,1,324,176,4,90240,33.9581,-118.1174,111772,332,2/10/2002
3586613315520650      ,2,1,501,667,19,1876,42.6028,-71.2232,28667,477,2/17/1998
4956252571509970000      ,188,0,103,149,10,30014,33.5293,-83.8496,86177,69,3/30/1993
4303975245086400      ,89,1,397,33,4,93304,35.3396,-119.0218,520197,59,9/28/1965
4298338167423360      ,64,0,750,585,22,48602,43.4248,-83.9745,135669,349,10/9/1967
30066149828241      ,145,1,903,627,35,44139,41.3866,-81.4421,24356,9,9/25/1958
6567491601692360      ,328,0,763,309,43,77339,30.0563,-95.2107,194500,291,9/25/1971
4243992011669180000      ,279,1,873,540,9,33063,26.2674,-80.2092,425636,122,12/17/1963
503870116863      ,235,1,524,30,5,81620,39.6313,-106.5108,10450,355,2/16/1979
3534679121416140      ,39,1,721,271,15,47240,39.2998,-85.4918,20832,464,3/26/1956
3577596555535660      ,215,0,85,722,1,36092,32.5927,-86.2153,29730,374,3/8/1970
676350573975      ,145,1,687,644,5,80487,40.6327,-106.9318,17057,122,6/19/2003
503871487271      ,328,0,330,455,23,55404,44.9609,-93.2642,1022298,306,6/17/1974
4287153991566860      ,271,0,121,382,17,40513,38.0139,-84.5815,296965,458,7/1/1983
4983665528993160000      ,116,1,781,291,33,89014,36.0564,-115.078,264999,398,8/30/1945
30374605233025      ,291,1,221,532,9,33782,27.8681,-82.7086,46772,61,3/14/1945
3512590472927740      ,309,0,65,203,45,22827,38.4025,-78.6321,10388,126,8/18/1948
30201859626309      ,56,1,936,527,38,19124,40.0178,-75.0895,1526206,10,9/21/1957
4999741926769      ,108,0,828,379,23,55354,44.8739,-94.0551,2741,477,10/23/1949
5229321840118450      ,344,1,423,90,22,48419,43.4258,-82.6022,2740,258,3/7/1968
4303243298395420      ,251,1,628,356,40,29560,33.8655,-79.7418,13664,60,4/24/1972
3598926256609310      ,95,0,512,139,10,31904,32.5161,-84.9785,173903,185,3/1/1949
3518594849102560      ,72,1,935,11,0,99508,61.206,-149.8101,242037,298,3/14/1989
3527578446834140      ,150,1,123,439,9,33165,25.7343,-80.3588,1737737,74,6/22/1974
4778816093068530      ,348,0,743,417,26,59741,45.798,-111.3146,4352,114,11/8/1969
4153814474430960      ,84,1,971,708,49,26070,40.2548,-80.5961,8441,244,9/24/1981
6501673188261700      ,72,1,656,561,47,98059,47.5058,-122.1157,141407,222,3/5/1964
3505313402665020      ,234,0,694,300,24,65043,38.6328,-92.1163,9452,92,12/13/1966
213130569067448      ,169,1,294,365,38,17603,40.0091,-76.3671,164596,216,9/19/1994
30189239231264      ,23,1,105,688,4,93001,34.3308,-119.3584,112613,253,6/1/1953
30086041454565      ,90,1,7,663,38,18969,40.3205,-75.352,15273,84,11/16/1955
4108255598953430000      ,310,1,940,624,40,29681,34.7512,-82.255,74264,276,8/1/1979
3502368485571610      ,185,0,947,304,43,77005,29.7179,-95.4263,2906700,158,2/19/1939
213127868669437      ,74,1,99,288,31,7506,40.9564,-74.1569,18791,243,7/10/1951
676134024246      ,294,1,814,218,31,7022,40.817,-74,13835,436,10/14/1970
340534240891645      ,299,0,366,149,18,70433,30.4876,-90.0959,47736,344,7/18/1998
30223972404224      ,283,0,226,109,24,64601,39.7966,-93.5509,12438,118,4/18/1984
6011100231429000      ,340,1,145,226,31,7932,40.7757,-74.3928,9868,131,5/26/1974
5101841862030360      ,148,0,624,503,29,68104,41.2919,-95.9999,518429,100,6/29/1982
6592624945147540      ,276,1,231,56,38,17815,41.0115,-76.4384,30967,377,6/22/1966
4522655767695230      ,147,0,838,651,42,37873,36.4741,-82.8306,4073,1,11/7/1979
5255247286333020      ,55,1,74,33,4,93309,35.3384,-119.0627,520197,376,4/30/2001
4310962272847650      ,161,0,135,401,4,90011,34.0079,-118.2582,2383912,315,5/19/1932
3536241862369030      ,145,1,784,269,48,54301,44.482,-88.0205,179116,46,6/16/1971
5415950342811390      ,2,1,312,215,45,22030,38.8458,-77.3242,151929,450,1/1/1963
2260546835652150      ,150,1,222,435,42,38125,35.0312,-89.8124,697385,29,6/17/1982
4332288985725450      ,225,1,635,323,34,11434,40.6775,-73.7758,224445,393,2/26/1982
213171752421497      ,134,0,761,372,19,1841,42.7115,-71.167,76383,119,7/4/2002
4692758955168740000      ,257,1,155,511,4,93033,34.1685,-119.1717,211523,308,5/8/1988
4112166365155970      ,84,1,719,374,43,78645,30.449,-97.9669,54068,247,3/8/1979
377303064421210      ,96,0,835,281,21,4640,44.5046,-68.2402,2261,281,6/13/1967
3559608931992550      ,11,0,514,229,48,54935,43.7742,-88.4352,60763,107,5/21/1934
4682963533907      ,142,1,823,603,44,84070,40.5794,-111.8816,105585,145,9/27/1969
4646491111096170      ,252,0,793,677,3,85719,32.2474,-110.9491,865276,335,9/10/1981
4157660538442      ,302,0,315,171,5,80210,39.679,-104.9631,990452,269,6/20/1973
639096262659      ,192,0,293,0,19,1220,42.6223,-73.1172,8603,213,11/28/1986
5160920981960270      ,222,0,356,454,38,17954,40.6904,-76.2597,4564,43,5/30/1991
5479112442117530      ,145,1,175,521,31,7514,40.9248,-74.1467,146199,355,11/21/1993
4155799802841390      ,17,0,510,313,49,24844,37.4499,-81.812,1810,108,2/12/1939
3577686342346190      ,274,1,779,499,44,84404,41.2627,-111.9837,186422,90,5/20/1933
347208496498560      ,15,1,265,338,47,98042,47.368,-122.1206,147876,262,8/10/1986
348164938318495      ,336,1,678,494,6,6854,41.0957,-73.4285,85422,390,3/11/1948
30295963904099      ,343,0,613,529,34,12565,42.2485,-73.6463,1487,226,5/3/1955
379064771591038      ,19,0,633,366,22,48912,42.7371,-84.5244,162150,297,10/7/1949
4104145964229710000      ,252,0,732,216,45,22039,38.7602,-77.3064,18364,189,4/16/1988
213131170303768      ,68,0,892,106,42,37411,35.0271,-85.2356,198659,130,1/29/1990
6598363146249120      ,168,1,83,146,43,78418,27.6349,-97.3103,306433,284,8/6/1966
4686850745102      ,235,1,447,36,20,21214,39.3521,-76.5644,635495,93,9/21/1956
4814396661340      ,171,1,499,745,45,23693,37.1256,-76.4469,45297,497,10/22/1995
4122572076502410      ,62,0,576,222,24,63026,38.5015,-90.4683,44124,372,5/22/1998
4211457758471      ,90,1,593,605,4,95060,37.0313,-122.1198,97900,121,8/4/2002
341361487824553      ,145,1,318,49,1,35546,33.6945,-87.6226,3901,237,1/19/1976
180098247414077      ,23,1,756,503,29,68138,41.1549,-96.1376,518429,282,1/2/1976
4423691430753660      ,145,1,948,16,34,14807,42.4225,-77.6918,3076,333,1/29/1970
3582661287585750      ,154,1,90,436,14,61342,41.5443,-89.1083,9216,300,3/30/1979
6011607870104150      ,204,1,505,526,31,8861,40.5176,-74.2754,53099,186,6/26/1994
4079311029181330      ,49,1,15,438,3,85207,33.4321,-111.6426,478404,348,10/6/1957
4223288377441970      ,135,0,181,679,1,35401,33.1969,-87.5627,112654,10,12/30/1943
582774025883      ,71,0,138,611,34,12304,42.7841,-73.9094,162643,251,2/27/1967
6592988425995990      ,288,0,238,397,5,80504,40.1306,-104.9504,117461,375,4/27/1997
2227610941017590      ,220,0,183,317,15,46236,39.8689,-85.9765,910148,347,11/17/1985
6011190130205690      ,197,0,881,146,43,78411,27.7311,-97.3877,306433,396,9/3/1959
36619128411738      ,31,1,458,744,4,92886,33.9058,-117.7865,66570,426,1/16/1986
6011819740056430      ,126,1,851,343,42,37664,36.5208,-82.5168,87124,486,8/13/1971
3587240107835670      ,111,1,5,159,43,77429,29.9766,-95.6358,122803,14,3/15/1956
3566821719553560      ,317,0,42,95,43,75423,33.2649,-96.2076,2982,205,10/9/1944
4055934296711140      ,322,0,760,320,43,75038,32.8653,-96.9905,217883,46,8/10/1967
4328348315203770000      ,282,1,113,275,35,43123,39.8814,-83.0839,58424,187,12/23/1967
676340850954      ,325,1,601,545,37,97222,45.4373,-122.6147,841711,236,4/10/1953
180026732044133      ,256,0,951,466,40,29464,32.8473,-79.8206,72374,365,10/9/1955
30360914985173      ,65,0,738,457,27,27028,35.922,-80.537,25839,152,4/20/1964
213104405809354      ,49,1,147,346,9,34746,28.268,-81.4675,228365,332,12/24/1926
589556574905      ,57,0,21,65,9,33435,26.5254,-80.061,155385,403,7/6/1973
676326113989      ,352,1,189,359,37,97034,45.4093,-122.6847,42817,461,9/15/1973
4513765158819      ,325,1,640,594,43,78216,29.5334,-98.4975,1595797,465,4/8/1961
341668297327027      ,40,0,134,701,7,20024,38.8759,-77.016,601723,308,8/8/1963
4155999101577      ,314,0,737,375,38,17042,40.3316,-76.3976,66923,348,1/21/1968
4750988986457      ,145,1,379,567,34,11385,40.7036,-73.8961,98592,140,1/4/1999
4491342138820900      ,331,0,715,623,4,93065,34.2656,-118.7653,126874,108,4/26/1958
36741241513156      ,54,0,819,306,27,28539,34.6993,-77.2079,15469,6,1/13/1983
4272742318306170000      ,240,1,707,5,35,44320,41.0835,-81.5674,272134,383,12/13/1997
180041314675360      ,38,0,163,74,34,10463,40.8798,-73.9067,1382480,24,6/8/1954
180045667664046      ,169,1,776,642,34,10314,40.6039,-74.1472,468730,92,4/7/1972
60406155816      ,234,0,338,160,43,75216,32.7086,-96.7955,1263321,330,3/21/1993
213186702440330      ,18,0,627,12,40,29625,34.5271,-82.7087,93613,483,6/17/1976
4568044731497      ,169,1,699,258,20,21061,39.1618,-76.6297,82907,313,4/2/1959
4637579145215      ,45,1,320,97,2,72027,35.3981,-92.5582,1417,328,8/6/1967
370438787535776      ,190,0,622,546,45,23703,36.8695,-76.3869,95535,141,6/30/1946
4286604164485950      ,205,0,413,683,4,91784,34.141,-117.6581,77103,373,11/13/1946
5143318751097920      ,22,0,39,362,9,33813,27.9611,-81.9398,237282,296,3/1/1967
4192134249128960      ,125,1,978,228,34,11354,40.7667,-73.8241,219342,122,9/20/1960
4675481386667540      ,284,1,335,696,38,17266,40.086,-77.409,581,350,1/4/1972
6520575639836520      ,321,0,581,93,40,29033,33.9626,-81.0671,11603,209,7/10/1984
4604409079772780      ,271,0,229,158,10,30041,34.2037,-84.1031,129584,101,4/16/1936
2704390552958060      ,156,0,401,145,34,11368,40.7453,-73.8611,109931,485,9/9/2002
4851579197111210000      ,231,1,370,193,31,8234,39.3741,-74.6118,42532,159,3/13/1995
3524295633432440      ,238,0,958,60,25,38829,34.6694,-88.5443,18707,132,7/7/1967
4358841834374010      ,175,1,801,159,43,77429,29.9766,-95.6358,122803,135,3/3/1978
4427820797996670      ,281,1,574,17,42,38002,35.2752,-89.7295,38927,338,5/22/1985
4498392250142570      ,156,0,256,530,3,85033,33.4944,-112.2132,1312922,77,8/25/1954
675925178633      ,314,0,325,235,17,41043,38.7506,-84.1566,1745,475,3/30/1990
569235558099      ,212,0,337,416,12,50157,41.7695,-92.5354,762,345,6/9/1928
4467046226817150      ,238,0,264,401,4,90019,34.0482,-118.3343,2383912,251,1/25/1975
180075851268619      ,52,0,904,439,9,33125,25.7825,-80.2341,1737737,477,7/29/1998
676142456075      ,114,0,98,298,36,74848,35.0839,-96.377,8326,108,8/1/1969
379389701550295      ,351,1,820,54,38,15717,40.4413,-79.2533,10847,211,7/14/2000
4498830597367      ,96,0,812,675,4,95377,37.6567,-121.4955,106426,3,9/12/1985
4795133053194970000      ,125,1,556,322,9,32225,30.351,-81.5061,847415,394,8/20/1964
6011917851385440      ,258,1,309,419,31,8052,39.9511,-74.9946,19172,194,10/13/1957
6011319422686530      ,156,0,165,26,16,67730,39.7926,-101.0318,1612,133,11/15/1983
180072169666303      ,215,0,961,511,4,93030,34.2141,-119.175,211523,455,1/16/1956
4883275327352410      ,309,0,415,592,44,84117,40.6551,-111.834,594043,200,2/4/1964
4876164819807700      ,105,1,703,402,17,40272,38.0846,-85.851,736284,215,5/17/1962
375237341517733      ,261,1,762,231,9,34945,27.4382,-80.444,89162,449,9/23/1980
3577422294643030      ,195,1,591,473,45,24579,37.598,-79.525,1389,277,11/28/1984
180067287276019      ,129,1,496,160,43,75224,32.7114,-96.8387,1263321,11,12/23/1942
346158148881070      ,191,1,240,108,14,60614,41.9229,-87.6483,2680484,158,10/31/1949
563399771804      ,120,1,176,602,4,90732,33.742,-118.3121,80777,178,3/2/1958
6011739970469470      ,231,1,453,139,35,43231,40.081,-82.9383,783285,385,3/16/2003
4641758231334840      ,121,1,498,596,4,92672,33.4361,-117.6231,63773,315,5/3/1966
379643474524550      ,279,1,967,483,34,10019,40.7651,-73.9858,1577385,15,5/16/1958
4056658833987410000      ,114,0,689,317,15,46227,39.6789,-86.1302,910148,347,11/18/1956
372294938173597      ,197,0,25,44,28,58316,48.8379,-99.7688,6486,370,10/11/1954
4216667080850960000      ,265,0,131,597,4,92126,32.9161,-117.1402,1241364,75,4/28/2004
4477251295786060      ,208,0,41,319,4,92612,33.6607,-117.8264,212569,460,2/14/1929
4210890285159      ,299,0,436,594,43,78245,29.4189,-98.6895,1595797,118,8/17/1971
30360776336911      ,28,0,327,266,43,75051,32.7115,-97.0069,174375,77,12/16/1993
2400666155416430      ,352,1,50,502,47,98513,46.9939,-122.743,167094,119,3/30/1940
3559626228225120      ,18,0,548,264,3,85395,33.479,-112.3947,67037,123,4/29/1995
3521053161177680      ,160,0,783,604,4,92701,33.7523,-117.8541,348131,489,7/31/1981
4382231164912      ,85,0,804,107,15,46304,41.6143,-87.047,24207,452,4/12/1931
4203265097753960      ,165,0,725,560,33,89521,39.3809,-119.6859,276896,359,2/5/1996
4560821371184250000      ,178,1,833,170,43,76210,33.1428,-97.0727,139552,285,9/23/1990
639085838253      ,57,0,305,589,23,55106,44.9684,-93.0488,753116,41,3/1/1961
38524014843994      ,340,1,281,619,46,5262,42.9614,-73.2166,2547,189,2/1/1973
4372450184819730      ,235,1,976,350,18,70068,30.0777,-90.4895,34101,274,8/28/1963
4692743811995370      ,282,1,153,748,22,48198,42.2439,-83.583,99318,84,5/24/1964
4417899698601      ,213,0,122,265,18,71245,32.5244,-92.7158,4718,482,7/9/1981
377980660392059      ,30,0,759,186,39,2914,41.8138,-71.3688,21963,228,5/25/1936
4885652715598350      ,288,0,667,475,48,53151,42.9822,-88.0946,39445,305,8/17/2001
342501394884880      ,72,1,132,301,9,33032,25.5303,-80.3918,155317,285,7/7/1947
3553703824073330      ,297,1,47,210,9,34223,26.9667,-82.3599,32269,442,2/8/1984
6545465535851250      ,295,0,931,474,31,7753,40.2096,-74.0714,37554,482,1/11/1968
4490797796124      ,14,0,734,700,4,93280,35.648,-119.4487,27152,456,11/8/1963
6011637484539860      ,67,1,912,135,43,75938,30.9007,-94.3916,2608,479,12/8/1971
4151169666725210      ,109,0,723,164,14,62522,39.8432,-88.9861,87793,415,2/6/1988
4120800564099510      ,328,0,836,657,9,33634,28.0068,-82.556,717255,25,8/16/1951
4529821739295780000      ,240,1,247,45,17,41514,37.6401,-82.2573,3491,379,4/16/1969
2615899886834520      ,163,0,675,728,35,45898,40.7346,-84.7777,1314,393,6/11/2003
213131499825087      ,12,1,578,261,25,39638,31.1903,-90.924,3333,154,10/9/1960
30399006314033      ,235,1,639,618,43,78155,29.5613,-97.9628,45341,169,11/24/1956
3566643749060720      ,234,0,280,357,48,53147,42.5881,-88.4554,16457,210,3/25/1989
4116318732807710000      ,288,0,709,157,4,90230,33.9949,-118.3991,46915,399,7/19/1969
3525425730662480      ,36,1,718,691,45,23454,36.8282,-76.0237,437994,443,2/28/1977
4688092550213060      ,0,1,144,608,4,95401,38.4432,-122.7547,209844,491,8/13/1978
377278532426423      ,138,0,87,425,14,62441,39.422,-87.6923,7395,334,2/1/1930
375628333393952      ,309,0,446,617,9,32976,27.8679,-80.5416,34445,43,5/23/1971
180027036924921      ,226,0,662,317,15,46220,39.8647,-86.1182,910148,488,6/28/1962
5300051553234150      ,215,0,527,303,11,96826,21.2941,-157.8284,403114,424,5/15/1976
4431271026767200      ,210,0,997,195,4,91732,34.0705,-118.0149,90977,58,12/9/1935
4354159709962540      ,69,0,520,147,3,86326,34.7055,-112.0091,23344,271,3/26/1932
342909046376603      ,238,0,587,583,1,36071,31.7062,-86.3715,766,233,5/6/1990
213102131251297      ,268,0,66,69,19,2324,41.9773,-70.9723,26563,88,4/22/1984
3521106330165830      ,185,0,284,182,0,99577,61.3114,-149.5085,25771,216,11/29/1960
3532532694968430      ,153,1,49,314,22,48444,43.0425,-83.0708,9327,390,6/10/1967
2401595919457570      ,142,1,834,322,9,32223,30.1548,-81.63,847415,322,1/20/2003
3560256265062290      ,324,0,740,534,34,14534,43.0695,-77.5141,31426,135,10/20/1984
38662705115791      ,102,0,683,242,34,12431,42.3815,-74.0623,1381,110,9/9/1972
371075633535748      ,182,1,336,202,15,46517,41.6469,-85.9728,97528,371,8/10/1954
4187794176342500      ,184,0,603,503,29,68114,41.2656,-96.0493,518429,383,8/31/1935
3540388436604430      ,50,0,573,205,10,30294,33.6166,-84.2939,39865,227,7/29/1961
3550105875256800      ,231,1,594,616,47,98133,47.7377,-122.3431,837792,119,8/20/1967
2285516517680860      ,227,0,149,108,14,60640,41.9719,-87.6624,2680484,214,10/14/1991
501837003323      ,339,1,672,487,45,23508,36.8859,-76.3004,242803,166,12/3/1992
581958263286      ,2,1,861,480,18,70130,29.9324,-90.0739,382333,213,2/8/2003
36321061339436      ,310,1,45,18,4,93420,35.1661,-120.4651,28413,171,2/17/1970
4789431910090040      ,327,1,930,96,17,42214,37.1177,-85.7038,682,231,2/20/1960
2262473107201130      ,173,0,108,552,34,11428,40.7208,-73.7433,67866,342,10/5/1971
676314473403      ,240,1,712,137,4,92324,34.0315,-117.2874,56505,39,1/12/1987
30255882556297      ,156,0,292,240,22,49733,44.8382,-84.6824,1965,368,1/3/1985
588295829232      ,286,0,887,72,42,37620,36.5686,-82.1819,39102,99,5/7/1973
4395613723081720      ,325,1,646,551,39,2904,41.8541,-71.4378,203571,61,9/13/1986
4094565346997990      ,18,0,553,145,34,11368,40.7453,-73.8611,109931,429,5/26/1993
4060717481131760      ,258,1,547,502,47,98516,47.1126,-122.7794,167094,352,5/20/1995
6011491872742040      ,206,1,396,478,6,6515,41.3293,-72.9664,128884,145,3/2/1949
373711222990773      ,135,0,858,737,35,44691,40.8094,-81.9483,43753,230,6/29/2006
4768321021923780000      ,169,1,625,188,5,80615,40.5273,-104.7146,7482,246,5/14/1928
213118498042533      ,291,1,787,204,47,98926,46.9996,-120.5163,30239,440,4/17/1968
4821781923653460      ,31,1,40,381,43,75067,33.0198,-96.9925,109212,404,6/3/1970
4716906181208      ,141,0,545,185,34,11554,40.7149,-73.5561,38132,468,12/24/1964
4517588914444980      ,88,1,943,482,9,32168,29.0247,-80.9584,33458,156,8/4/1966
4885379821432      ,71,0,767,686,15,46383,41.4547,-87.0656,78553,61,9/26/1986
502034778949      ,190,0,695,113,4,91911,32.6084,-117.0565,239879,46,10/23/1992
180021630900155      ,341,0,346,367,50,82072,41.4247,-105.4781,35371,465,5/23/1989
213121994711361      ,84,1,352,209,13,83617,43.9089,-116.4927,15422,478,6/25/1975
2377269608437680      ,129,1,942,336,38,19348,39.855,-75.7,22232,181,3/7/2003
4970931706956      ,133,0,773,483,34,10003,40.7313,-73.9892,1577385,134,10/13/1950
213106503121988      ,31,1,255,180,27,27713,35.9112,-78.9178,256789,413,12/3/1965
4487623039111420      ,197,0,235,701,7,20008,38.9363,-77.0599,601723,17,2/20/1994
675922395941      ,168,1,339,639,43,77477,29.6228,-95.5678,35897,117,12/7/2000
180087859964867      ,72,1,328,142,10,30012,33.7192,-84.0021,83685,305,9/5/1978
4362792463200      ,309,0,692,304,43,77077,29.7477,-95.603,2906700,242,9/17/1963
2720458870715530      ,109,0,296,456,26,59804,46.8467,-114.1698,90987,20,12/5/1991
374508917768087      ,246,0,663,629,14,60552,41.6383,-88.6816,4448,80,5/14/1998
570236936268      ,177,1,136,616,47,98103,47.6734,-122.3426,837792,390,5/20/1977
30498855829842      ,270,0,76,630,15,46628,41.7015,-86.2949,145459,323,8/21/1942
4372188566698      ,115,0,728,486,24,64668,39.3299,-93.6761,1416,342,10/6/1973
2263776936634390      ,269,0,617,545,21,4103,43.6876,-70.2876,65261,389,2/6/1927
30202455910246      ,125,1,909,538,48,53073,43.7526,-87.9779,15757,240,1/17/1972
4794281793406520      ,240,1,456,219,44,84025,40.9889,-111.8938,18255,364,11/24/1945
3521722145593760      ,150,1,386,551,39,2903,41.82,-71.4158,203571,208,4/12/1973
3572565920246170      ,301,0,409,139,35,43204,39.9523,-83.078,783285,30,12/6/1994
3550178332584860      ,307,0,89,597,4,92120,32.7958,-117.0707,1241364,359,6/27/1955
4767993593744030      ,234,0,93,383,26,59923,48.3773,-115.5391,9856,39,4/26/1988
676149079383      ,234,0,701,646,48,53177,42.6967,-87.9031,8329,69,4/23/1979
4244626325144880      ,231,1,37,590,31,8079,39.5591,-75.4521,10987,103,5/10/1996
30415152638403      ,325,1,232,745,45,23693,37.1256,-76.4469,45297,283,3/10/1953
2663239791378760      ,112,0,747,7,5,81210,38.82,-106.6603,275,272,3/30/1993
4988192778851900      ,273,1,869,344,20,21087,39.4558,-76.4147,5451,118,4/2/1957
6011851744600450      ,75,1,995,559,1,35481,33.3959,-88.0203,3668,267,11/30/1969
3530448818984840      ,49,1,621,604,4,92704,33.7249,-117.909,348131,467,3/17/1985
6011429831522910      ,231,1,236,41,43,77703,30.1132,-94.1197,142692,414,3/24/1955
30306396384526      ,156,0,411,530,3,85051,33.5591,-112.1332,1312922,159,8/15/1942
2242033016234190      ,0,1,68,584,4,95820,38.5347,-121.4451,757530,125,5/12/1970
6584732365337740      ,160,0,210,337,47,99336,46.2109,-119.168,90153,146,3/11/1974
2717543734764270      ,84,1,775,327,18,70546,30.2201,-92.6574,16425,298,6/20/1952
4019134438998270000      ,340,1,509,584,4,95841,38.6627,-121.3406,757530,466,5/13/2000
3516793350557380      ,119,0,130,740,25,39194,32.8594,-90.4031,20925,35,9/4/1982
2707233351040960      ,40,0,161,322,9,32208,30.3937,-81.6889,847415,430,1/11/1928
6511893940655780      ,238,0,910,396,4,90810,33.8193,-118.2325,471952,193,3/19/1975
4707392013546210      ,288,0,262,732,27,27105,36.144,-80.2376,250944,332,2/7/1961
3572989376297450      ,93,0,648,324,34,14701,42.0928,-79.244,40730,108,10/20/1983
2707692082832300      ,173,1,889,59,13,83709,43.5741,-116.2941,255947,436,10/26/1984
4318297168157      ,179,0,0,219,32,87401,36.7412,-108.1797,57780,82,1/24/1967
4255618444218290      ,234,0,815,432,1,35114,33.2317,-86.8727,7172,32,5/4/1981
501843655157      ,245,0,705,179,10,30096,33.9845,-84.1529,103980,406,11/25/1949
4080706336998790      ,133,0,112,734,45,22193,38.6438,-77.3451,184039,106,7/2/1930
4287738363816430      ,53,0,439,160,43,75217,32.7244,-96.6755,1263321,297,1/3/1988
4170646255402630000      ,240,1,182,736,45,24381,36.7879,-80.8824,3816,239,12/22/1979
3553888245279050      ,23,1,345,146,43,78410,27.8458,-97.596,306433,211,1/17/1949
4119787180933910      ,220,0,653,377,9,33971,26.6388,-81.6992,84918,487,2/27/1991
2486880023009150      ,273,1,806,650,3,85351,33.6061,-112.2797,45145,393,11/24/1989
3509365952014910      ,271,0,842,565,47,99352,46.2522,-119.288,48318,134,8/26/1975
2247455611404280      ,177,1,58,504,4,91761,34.0316,-117.6187,166856,38,8/21/1957
6011030835669100      ,145,1,323,249,20,20878,39.1125,-77.2515,135332,44,4/7/1959
3577682938440130      ,108,0,541,360,24,63367,38.7936,-90.7854,19433,45,4/27/1966
3585991449207490      ,270,0,966,483,34,10002,40.7152,-73.9877,1577385,452,8/10/1978
3540849932312340      ,264,0,986,397,5,80504,40.1306,-104.9504,117461,334,5/9/2001
3548389359538280      ,261,1,561,91,14,60013,42.2196,-88.2426,26872,432,1/14/1963
180096561308768      ,48,1,863,79,10,39828,30.8768,-84.2091,18992,220,10/9/1967
180000273008690      ,145,1,171,391,4,93543,34.4891,-117.9708,13033,487,1/25/1965
213194149150769      ,256,0,774,339,12,52632,40.4094,-91.3982,13086,231,11/12/1951
4207266292508170000      ,351,1,80,615,38,18504,41.4128,-75.6861,95251,165,11/6/1969
343561781703217      ,43,1,374,480,18,70131,29.9168,-89.996,382333,181,11/24/1942
4295026480164400000      ,240,1,816,89,25,39427,31.4814,-89.8279,1314,79,9/22/1991
4486298579736380      ,83,0,559,253,35,44041,41.8029,-80.9474,14979,354,1/15/1983
180061770673683      ,273,1,79,191,5,81632,39.6382,-106.6206,10276,148,10/11/1981
2295058714692180      ,229,0,268,488,19,1247,42.6955,-73.08,16087,472,11/19/2006
4998480220509      ,326,0,874,530,3,85037,33.4913,-112.2468,1312922,111,12/20/1996
213114578870711      ,133,0,690,686,15,46383,41.4547,-87.0656,78553,489,8/9/1998
3568299687225890      ,80,1,857,434,45,23111,37.6281,-77.3395,63718,196,5/12/1964
6595790012482550      ,98,1,964,463,4,92557,33.9553,-117.2457,193933,424,3/1/1989
4562415285720      ,315,0,275,515,43,75801,31.7588,-95.6342,39196,276,2/28/1972
2706550784685090      ,122,1,313,467,42,37130,35.8478,-86.3647,158701,382,8/3/1971
3540153641547150      ,279,1,267,187,38,18042,40.6516,-75.224,83703,416,10/10/1959
676242141056      ,64,0,991,621,20,20906,39.084,-77.0613,282095,112,7/3/1930
4622586605989      ,156,0,434,108,14,60640,41.9719,-87.6624,2680484,336,3/24/2001
4491165020002450      ,231,1,331,75,34,11208,40.6762,-73.8736,2504700,273,10/18/1987
213114448896698      ,224,1,378,9,43,79118,35.0763,-101.8349,220580,4,10/2/1992
373183281231236      ,215,0,495,174,1,36303,31.2668,-85.3971,80446,77,7/14/1980
4508276817226      ,309,0,582,334,22,49048,42.3189,-85.5152,158937,77,2/18/1999
4608271721736      ,70,0,929,251,4,90249,33.8998,-118.3199,84103,462,6/7/1989
4659143882325530      ,273,1,844,735,34,11421,40.6913,-73.8585,39127,366,12/1/1982
4095449791279970000      ,72,1,416,6,37,97321,44.652,-123.1333,58967,387,10/11/1982
213122012560830      ,63,0,802,578,31,8555,40.2214,-74.4747,877,195,2/14/1979
4443619951716      ,131,1,915,162,35,45417,39.7528,-84.247,479994,466,6/1/1968
4483093096711      ,84,1,142,676,31,8618,40.2377,-74.7821,270100,128,8/5/1979
6520191116612200      ,40,0,589,303,11,96815,21.2811,-157.8266,403114,173,5/10/1974
213124211408688      ,67,1,523,376,9,34748,28.808,-81.8858,55765,469,6/20/1970
5139952970137120      ,101,1,585,647,45,23434,36.7304,-76.5931,84522,132,6/23/1994
347387402990710      ,160,0,333,720,47,98595,46.8836,-124.1061,2917,135,5/24/1977
3503010956797560      ,312,1,800,172,12,50316,41.6092,-93.6,222785,202,6/29/1980
6011108018103060      ,200,0,177,341,27,28086,35.2516,-81.3806,25895,126,8/15/1982
30138067130734      ,118,0,848,70,44,84302,41.5079,-112.0152,23703,450,9/6/1995
36694703180537      ,352,1,629,173,22,48219,42.426,-83.2495,673342,346,11/15/1930
213127000466619      ,109,0,116,656,9,32311,30.4156,-84.187,245317,29,9/7/1936
213194905315200      ,91,0,502,330,35,43031,40.1445,-82.6973,12318,389,4/16/1976
3516698416612370      ,102,0,443,712,34,10993,41.209,-73.9821,4769,473,1/18/1943
502042620372      ,31,1,166,3,19,1001,42.0702,-72.6227,16769,73,5/5/1977
180021170889487      ,21,1,647,481,18,70760,30.7014,-91.4421,6993,356,12/6/1945
3585708200480670      ,112,0,706,570,9,33578,27.8633,-82.3499,85490,74,2/11/1994
4968827697040950000      ,319,1,560,535,4,92870,33.8744,-117.8543,52033,89,5/20/1967
4096496683496040      ,166,0,35,324,27,27282,35.999,-79.9293,15906,287,5/30/1975
4089348688390620000      ,52,0,924,225,17,41219,37.9231,-82.9221,2053,95,4/9/1967
4361337605230450      ,201,0,28,502,47,98513,46.9939,-122.743,167094,81,6/12/1973
4966177182498980000      ,328,0,825,671,48,54486,44.7299,-89.0569,2290,153,2/15/1965
6011969874869410      ,115,0,12,311,1,35802,34.6679,-86.5603,190178,202,4/26/1995
30160398863650      ,90,1,900,221,27,28301,35.0743,-78.8836,238602,41,7/6/1963
4894204664896670      ,150,1,216,450,19,1757,42.1511,-71.5274,28061,454,4/28/1964
4623546622650      ,240,1,605,42,37,97006,45.5201,-122.8604,183865,100,7/1/1955
6574625916011240      ,240,1,491,125,9,34711,28.5525,-81.7574,81987,410,1/3/1956
4129957047264260      ,24,0,403,430,42,37806,36.0844,-83.7411,2868,467,5/16/1976
345482421838545      ,139,1,72,527,38,19121,39.9811,-75.174,1526206,119,2/10/1986
180091776334279      ,72,1,228,287,34,11788,40.8231,-73.1958,16821,202,3/30/1988
630493588242      ,217,0,3,148,12,51501,41.2324,-95.8751,71782,349,9/3/1988
344445446083851      ,240,1,813,315,24,64056,39.1177,-94.3596,123373,125,10/1/1965
180099969882905      ,111,1,278,113,4,91911,32.6084,-117.0565,239879,28,2/2/1943
3524238397283390      ,274,1,876,236,4,92708,33.7102,-117.9503,56004,453,5/9/1966
213122101023203      ,11,0,673,715,31,7093,40.7888,-74.0115,60884,434,7/6/1943
2260384531980740      ,156,0,544,595,4,94070,37.4969,-122.2674,29166,13,1/19/1980
4967150066664110000      ,106,1,350,664,20,20748,38.8222,-76.9478,38792,318,10/3/2001
676190583663      ,177,1,905,438,3,85210,33.3887,-111.8428,478404,362,2/15/1929
213178791505966      ,65,0,772,57,40,29910,32.2513,-80.8721,33954,113,12/18/1978
3560418095217550      ,190,0,782,365,38,17602,40.0335,-76.2844,164596,480,3/13/1992
4199626422297580      ,195,1,540,40,47,98604,45.7907,-122.5318,34232,262,7/16/1992
4570900163564070      ,62,0,295,118,34,14031,42.981,-78.6162,9392,384,3/17/1948
3531261685071050      ,323,0,203,387,3,85340,33.5098,-112.4135,26262,91,7/31/1928
6011053709230070      ,22,0,8,437,30,3054,42.8667,-71.5128,25477,447,5/9/1958
3569893652944710      ,150,1,360,637,2,72764,36.1716,-94.0428,85572,60,12/20/1979
180032174357488      ,255,0,697,151,43,75114,32.5975,-96.4637,4660,182,4/22/1966
4253646280553      ,20,0,73,406,31,8048,39.9651,-74.8067,12495,170,7/20/1998
371074091311171      ,260,0,29,248,45,20155,38.8157,-77.6216,29411,309,4/30/1976
6535412012275950      ,300,0,17,55,14,61704,40.4705,-88.9433,84349,151,1/10/1968
4950740717327980000      ,236,0,109,510,17,42303,37.7559,-87.0803,81349,496,10/22/1928
5145203608941180      ,108,0,606,273,27,27858,35.5866,-77.3485,108695,199,5/31/1964
371006799006968      ,330,1,871,452,48,53222,43.0828,-88.0269,817312,378,4/18/1939
3549530067762550      ,2,1,178,408,18,70071,30.0447,-90.7008,3653,428,4/6/1979
4334511009060530      ,1,0,441,86,34,10512,41.4432,-73.6815,25590,183,10/22/1954
30598875921295      ,248,0,611,687,47,98662,45.6914,-122.5805,299480,413,12/19/1971
3507115238023620      ,48,1,580,51,38,18017,40.6622,-75.3903,123241,294,9/14/1992
180038558819597      ,252,0,172,549,35,43065,40.1834,-83.0912,38821,482,10/4/1983
4284540182272000      ,64,0,239,352,42,37086,36.0127,-86.56,31513,176,4/14/1970
6599302020304230      ,287,1,521,695,27,27051,36.18,-80.1629,7369,269,11/10/1959
676305937770      ,133,0,832,410,47,98087,47.862,-122.2532,92865,138,11/7/1967
30469029831048      ,85,0,968,426,48,54449,44.6615,-90.1784,26418,397,1/19/1975
6506362198655040      ,195,1,86,382,40,29073,33.8632,-81.2351,90341,277,10/22/1987
30322626114245      ,73,0,584,586,24,63074,38.7259,-90.3864,15164,409,1/8/1966
3596234199643380      ,127,1,480,520,20,21234,39.3876,-76.5418,69752,423,8/24/1957
3511587605457690      ,240,1,950,24,31,8401,39.3664,-74.4317,39554,312,5/9/1931
4212545080951      ,327,1,158,693,11,96792,21.4352,-158.1781,48519,250,2/8/1974
30423591426141      ,31,1,897,632,1,36527,30.6959,-87.8867,12109,255,3/8/1980
4310081785221      ,327,1,845,659,43,76574,30.5807,-97.4401,17661,363,11/24/1926
2532086523777290      ,154,1,387,228,34,11358,40.7606,-73.7968,219342,53,2/17/1996
501827221422      ,110,0,614,349,14,60526,41.8318,-87.874,13576,317,1/27/1977
4313695528620920      ,208,0,528,594,43,78227,29.4027,-98.6433,1595797,491,5/8/1966
575735323660      ,45,1,616,657,9,33624,28.079,-82.5268,717255,309,10/7/1991
4010712615835      ,312,1,180,150,38,16066,40.7097,-80.1046,28060,322,2/10/1967
4332228019442580      ,346,0,230,641,21,4084,43.8142,-70.4807,8088,493,1/13/1974
4311804674130      ,0,1,430,331,37,97910,42.8801,-117.281,641,61,8/22/1961
180063975615477      ,18,0,157,299,9,33020,26.0161,-80.1517,420284,275,2/10/1993
3593957875207020      ,6,1,20,483,34,10024,40.7864,-73.9764,1577385,76,3/29/1931
3596789760987310      ,72,1,202,109,35,45601,39.338,-82.9895,57842,426,6/29/1986
4943191654307      ,326,0,321,395,14,60148,41.8721,-88.016,51468,223,1/27/1951
30000268764481      ,234,0,985,674,20,21286,39.4143,-76.5761,39459,338,2/27/1962
4537309649694      ,75,1,956,497,4,92057,33.2407,-117.3025,188742,298,4/1/2006
2229276364315940      ,316,0,655,401,4,90065,34.1073,-118.2266,2383912,184,4/8/1969
3569993934497430      ,208,0,102,606,4,90670,33.9464,-118.0838,14866,483,10/3/1993
4132109720217070      ,123,1,472,1,14,60101,41.9335,-88.0054,39119,250,6/8/1962
5593900251213750      ,295,0,598,702,48,53185,42.7632,-88.1974,18551,439,9/23/1989
6011113885034230      ,279,1,347,553,27,27606,35.7645,-78.7112,489514,90,10/28/1980
6580085294690210      ,227,0,179,243,34,11520,40.6536,-73.5866,43341,427,11/23/1962
180066527523321      ,192,0,211,537,29,68048,40.9992,-95.9139,12422,8,6/22/1967
38116750762791      ,215,0,26,309,43,77346,30.0042,-95.1728,194500,385,6/20/1957
503884719017      ,159,1,251,584,4,95823,38.4797,-121.4438,757530,330,12/26/1982
3577546199240650      ,231,1,741,404,19,1852,42.6344,-71.2983,106541,313,10/23/1985
3537337912121100      ,40,0,588,29,43,78758,30.3764,-97.7078,940359,383,8/2/1992
3551999452951710      ,72,1,444,268,26,59404,47.5098,-111.3405,72079,95,3/24/2000
3533083344470480      ,289,0,478,241,45,22405,38.3365,-77.4366,156008,158,10/27/1970
6532956342777520      ,57,0,623,682,4,94587,37.5895,-122.0497,69516,115,4/1/1990
4115630295596360      ,83,0,632,501,34,14760,42.0821,-78.426,18775,34,7/20/1977
3585133138004980      ,290,0,140,260,3,85302,33.5675,-112.1753,280389,406,8/2/1989
180087640191853      ,94,0,431,23,10,30311,33.723,-84.4702,900273,200,9/3/1960
4464196234219260      ,271,0,46,37,43,78003,29.7276,-99.0453,8689,180,9/20/1991
2597269999498120      ,175,1,376,390,31,7739,40.3354,-74.0413,5938,3,7/9/1994
180031050524385      ,309,0,829,159,4,90630,33.8181,-118.0357,47993,487,6/27/1940
4633283896337610      ,172,1,685,497,4,92057,33.2407,-117.3025,188742,401,5/8/1991
4883527918750670      ,170,1,596,139,35,43229,40.0839,-82.9726,783285,219,11/4/1991
3561781596983840      ,131,1,273,214,0,99701,64.644,-147.5221,63999,318,7/21/1993
5557349899255390      ,96,0,440,550,21,4069,43.89,-70.1955,1465,374,10/23/1988
4799670808974740000      ,290,0,839,9,43,79106,35.1977,-101.8949,220580,171,1/2/1965
6598044509286050      ,335,0,630,500,36,73159,35.3922,-97.5567,640470,51,10/14/1983
4813088983057480000      ,212,0,564,437,30,3054,42.8667,-71.5128,25477,298,7/10/1993
4661995305641840      ,255,0,473,443,34,14105,43.2183,-78.4841,4566,138,8/10/1927
2236510344442990      ,322,0,568,289,48,54531,45.7745,-89.7478,1454,121,11/13/1962
3572562221905330      ,327,1,54,588,10,31558,30.7735,-81.5652,20373,186,4/15/1984
213150712455316      ,72,1,373,640,38,15687,40.1386,-79.3445,1476,372,2/6/2001
4488395855852290      ,234,0,513,532,9,33781,27.8387,-82.7151,46772,270,11/14/1993
379147744735350      ,256,0,730,564,4,92376,34.1132,-117.3771,101505,386,1/1/1938
213161133892607      ,175,1,159,109,35,45601,39.338,-82.9895,57842,7,1/11/1954
4521746535378010      ,190,0,752,108,14,60659,41.9972,-87.7166,2680484,470,11/17/1998
4299946645094      ,195,1,11,6,23,56307,45.6151,-94.574,5157,13,1/13/1963
4189684424648840      ,215,0,572,94,43,75104,32.5885,-96.9438,45373,108,12/17/1942
4179789124883970      ,309,0,843,224,22,49633,44.5721,-85.2531,3703,136,10/13/1993
4388568119397810      ,96,0,996,200,42,37643,36.3445,-82.2015,33689,261,10/28/1961
4158807053261      ,7,1,410,223,18,71334,31.6602,-91.5502,9839,424,6/20/1930
4513609085818100      ,99,0,391,508,23,55369,45.1284,-93.4589,65312,422,7/7/1993
30135896933536      ,268,0,583,284,29,69346,42.3946,-103.8318,592,240,11/24/1932
6539792551164360      ,340,1,395,123,42,37040,36.522,-87.349,151785,135,5/19/1963
6011534281644160      ,42,1,371,345,24,63501,40.1908,-92.5856,21532,445,5/9/1960
4763628144471890000      ,276,1,75,411,43,78052,29.2366,-98.7945,6388,401,8/9/1980
4513587271743060000      ,265,0,38,198,14,60119,41.8824,-88.4611,10371,435,6/19/2002
4364770413090      ,10,0,864,304,43,77061,29.6652,-95.279,2906700,57,3/7/1956
3557720441007940      ,34,0,398,576,36,74954,35.4538,-94.5291,4590,432,10/18/1999
30264963225178      ,290,0,48,551,39,2909,41.8206,-71.4443,203571,496,12/15/1970
6011630702867200      ,327,1,957,378,42,37772,35.7883,-84.2188,26526,164,7/19/1976
30500173259006      ,268,0,317,31,34,11702,40.6642,-73.341,14498,372,1/22/1952
4045461719281700      ,173,0,243,441,15,46360,41.698,-86.8699,43625,149,4/16/1992
3547726903265510      ,86,1,799,293,25,38632,34.8096,-90.0095,24377,94,10/19/1974
4589126864986470      ,182,1,393,301,9,33030,25.4766,-80.4839,155317,443,6/21/1946
30499216400695      ,248,0,934,574,6,6067,41.6583,-72.6632,19709,405,3/18/1955
2249865462202120      ,70,0,552,304,43,77073,30.0198,-95.4087,2906700,435,4/12/1983
30391900889913      ,40,0,925,354,4,92637,33.615,-117.7114,45303,167,6/17/1964
3590608548186740      ,145,1,989,145,4,92882,33.8419,-117.6043,233717,81,10/20/1958
213151985458292      ,342,1,420,100,23,55316,45.17,-93.3819,23089,329,4/24/1931
3549466720108240      ,308,1,824,661,45,24651,37.1078,-81.51,6314,185,3/11/1975
4208581745273530      ,156,0,711,278,1,35565,34.2314,-87.5938,13485,445,4/17/1941
213161255904610      ,305,0,53,312,4,93234,36.2371,-120.102,6987,198,10/8/1947
3532961512048500      ,172,1,457,136,5,80902,38.7536,-104.8063,525713,21,8/5/1989
373472435861760      ,176,1,282,124,23,56224,44.3943,-95.0474,333,129,12/31/1981
6584947712903500      ,18,0,492,326,24,65109,38.5773,-92.2443,68677,107,5/23/1961
576682121560      ,290,0,551,399,32,87544,35.8663,-106.2676,17950,488,4/1/1971
213173063435943      ,187,0,199,554,35,44266,41.1649,-81.2337,33581,427,8/27/1996
5402125434123010      ,240,1,390,381,43,75067,33.0198,-96.9925,109212,86,11/1/1953
502014003474      ,277,0,204,428,15,46151,39.4776,-86.4668,30921,492,9/27/1956
2714785501137530      ,124,0,744,741,2,72687,36.2253,-92.7245,6461,370,9/24/1928
2316088197223990      ,221,0,192,159,43,77429,29.9766,-95.6358,122803,5,11/29/1972
377800244323620      ,58,0,81,167,34,11729,40.7591,-73.3257,28032,16,10/4/1996
2391395215016420      ,145,1,362,66,6,6334,41.5465,-72.1711,2592,95,1/20/2000
180081300416916      ,277,0,224,533,27,28134,35.0709,-80.8859,9453,437,7/23/1970
4348110501474      ,156,0,901,384,27,28092,35.4851,-81.1818,38570,271,11/22/1941
38512395978158      ,140,1,975,277,31,7840,40.8529,-74.8343,29849,130,10/13/1978
4772051710730870000      ,270,0,385,633,40,29303,34.9803,-81.9168,129573,154,12/16/1968
180072602925464      ,240,1,303,669,35,43076,39.8974,-82.4071,9051,206,2/1/1979
4135386762592380      ,154,1,67,749,3,85367,32.6566,-114.4042,141891,48,2/25/1935
580892739617      ,328,0,421,126,43,77327,30.33,-95.0202,34153,395,8/9/1959
2710384227362730      ,72,1,279,364,24,64759,37.5191,-94.3364,8244,367,9/18/2002
2516204298514480      ,156,0,227,401,4,90045,33.9631,-118.3941,2383912,147,2/27/1943
213114264710684      ,8,1,326,274,6,6340,41.3572,-72.0579,31242,165,2/17/1948
4693172947638080000      ,249,0,30,621,20,20904,39.0668,-76.9969,282095,365,1/22/1988
4635049602667650      ,286,0,466,111,4,91709,33.9797,-117.7308,74796,466,10/12/1985
180040675602088      ,9,0,307,742,43,77995,29.284,-97.1306,9567,299,5/27/1992
4890932253332020000      ,18,0,22,213,24,64024,39.3326,-94.2746,16230,400,3/8/1985
3533243629620800      ,131,1,257,238,14,60423,41.5094,-87.8248,30423,476,1/23/1959
502023763175      ,167,1,115,738,20,21678,39.2963,-76.1008,2301,82,10/24/1926
3517536264752860      ,90,1,106,527,38,19130,39.9677,-75.1735,1526206,191,2/25/1986
4240321153550510000      ,49,1,101,113,4,91914,32.6588,-116.9652,239879,207,6/7/1978
4581920487704      ,160,0,340,724,48,53190,42.8272,-88.7429,19200,493,3/20/1974
4640858588382560      ,242,0,97,196,43,79924,31.9021,-106.4149,749635,262,8/24/1998
4225018256247280      ,156,0,13,32,17,40003,38.2608,-85.0651,1902,484,9/23/1999
503866045092      ,133,0,419,211,4,92026,33.1605,-117.0978,171802,74,3/16/1977
213122471193602      ,240,1,289,247,1,35907,33.8979,-86.0245,67082,319,5/10/2003
6011643850095370      ,72,1,626,605,4,95062,36.9721,-121.9881,97900,327,3/22/1952
4642316544137270000      ,134,0,361,545,37,97267,45.4021,-122.6144,841711,229,11/15/1951
2687017999324200      ,304,0,454,262,45,23061,37.4126,-76.5464,21208,278,5/13/1984
6579025485362680      ,191,1,404,496,4,94610,37.8126,-122.2443,381459,258,5/29/1985
3535990093781460      ,31,1,152,160,10,30132,33.9163,-84.8278,79338,43,2/11/1988
4646726368154180      ,144,1,290,607,4,90405,34.01,-118.4717,92043,254,10/6/1963
573566050338      ,157,1,77,698,34,12590,41.595,-73.8876,35102,102,6/18/1996
3519087886538590      ,271,0,965,462,4,94575,37.7772,-121.9554,16203,454,3/29/1978
4186706632016290000      ,332,1,927,597,4,92104,32.7454,-117.1272,1241364,130,1/5/1993
30170864942698      ,103,0,367,493,38,15137,40.3762,-79.8124,10228,451,12/26/1984
2720587305498240      ,81,0,311,599,4,95112,37.3476,-121.887,973849,3,11/28/1974
4589016492815030      ,322,0,104,545,43,78374,27.8935,-97.3169,16620,168,10/28/1995
4726282968244850      ,252,0,304,714,37,97068,45.3669,-122.648,28305,369,5/28/1969
630491961276      ,156,0,213,369,4,94939,37.9367,-122.5362,6859,144,1/8/1978
372458701204240      ,58,0,914,47,29,68005,41.1497,-95.9099,60409,293,12/31/1958
36039670243654      ,44,0,555,527,38,19128,40.0402,-75.2231,1526206,198,3/19/1985
4597738546623230      ,160,0,990,69,45,22812,38.3859,-78.9937,8927,383,4/3/1951
4986226992066610000      ,156,0,999,121,38,18411,41.4878,-75.7057,21985,367,9/5/1968
6011413482084930      ,28,0,139,309,43,77345,30.0566,-95.1707,194500,56,5/6/1969
6011914304913410      ,5,1,298,110,4,91710,34.0125,-117.6844,83727,136,9/9/1970
589208235301      ,208,0,928,75,34,11228,40.6174,-74.0121,2504700,112,9/12/1935
4796618695729      ,253,0,445,105,45,22901,38.0936,-78.5611,112588,494,11/24/1971
38732175036197      ,255,0,607,35,24,63011,38.6091,-90.5598,92608,175,10/8/1991
4474890476078620000      ,318,0,518,308,38,17737,41.256,-76.7141,6220,141,6/17/1972
373409185805589      ,249,0,758,321,10,30233,33.282,-83.9784,23218,480,3/6/1953
30004093045413      ,177,1,826,304,43,77081,29.7119,-95.4845,2906700,174,7/21/1988
4886407880267      ,122,1,649,340,43,76543,31.1172,-97.6651,164094,158,5/24/1984
213167089870927      ,23,1,926,299,9,33026,26.0229,-80.2974,420284,79,12/20/1954
5458485805263210      ,37,0,736,530,3,85009,33.4564,-112.1284,1312922,5,12/10/1966
4082317146199530000      ,298,1,271,471,34,10954,41.0977,-74.0109,23045,9,4/11/1951
4257870368605060000      ,156,0,34,304,43,77088,29.8817,-95.4539,2906700,498,1/28/1981
676212030255      ,66,1,392,642,34,10308,40.5518,-74.1526,468730,498,2/8/1951
374544920548943      ,238,0,126,522,27,28133,35.0054,-80.2829,2878,435,8/23/1992
4456622952174      ,215,0,43,652,38,18847,41.9487,-75.5862,6024,243,11/2/1967
6011235158501530      ,240,1,169,201,4,95757,38.4081,-121.4294,162646,279,10/14/1954
4413395479406450      ,73,0,795,507,9,32837,28.3949,-81.4179,878243,317,6/19/1952
371833597487680      ,339,1,249,500,36,73108,35.4445,-97.5619,640470,22,10/7/1968
4973239644028      ,299,0,274,108,14,60641,41.9453,-87.7474,2680484,187,9/18/1970
4209140169332840      ,107,0,207,691,45,23455,36.8881,-76.1446,437994,265,7/4/1997
30569991383108      ,33,0,334,598,4,94102,37.7813,-122.4167,805301,331,8/22/1979
6570703850360590      ,109,0,424,693,11,96792,21.4352,-158.1781,48519,295,3/23/1970
346200363856468      ,246,0,604,285,6,6120,41.786,-72.6758,123919,476,7/25/1973
6011995504932660      ,108,0,469,543,9,34952,27.2889,-80.298,181438,435,10/7/1992
4594853400127620      ,46,0,433,719,19,2493,42.3589,-71.3001,11261,417,2/27/1971
4058416806134950      ,145,1,63,152,20,21114,39.0112,-76.6802,25225,2,5/19/1985
5280926166201650      ,133,0,868,46,22,48111,42.1949,-83.4854,42313,390,2/18/1995
4006875868240510000      ,90,1,451,593,17,41465,37.7325,-83.0298,11979,123,11/9/2003
180008357017032      ,156,0,250,108,14,60632,41.8093,-87.7052,2680484,426,11/11/1975
4909619797978      ,66,1,426,5,35,44313,41.122,-81.5685,272134,419,9/16/1944
377480957394058      ,209,0,610,138,40,29203,34.0635,-81.0265,333497,36,10/24/1986
4849073420319770      ,169,1,955,504,37,97914,44.0416,-116.9783,19205,2,1/23/1981
4841962332605860      ,242,0,691,63,4,91905,32.6719,-116.32,1700,161,5/23/1936
4518178824261      ,286,0,993,41,43,77703,30.1132,-94.1197,142692,373,1/23/1972
4379006548708470      ,351,1,778,431,43,78656,29.8953,-97.8144,2271,408,4/3/1975
3589458962683840      ,177,1,23,141,27,28613,35.7313,-81.2165,22759,196,11/4/1973
676351881294      ,235,1,191,74,34,10457,40.8486,-73.8999,1382480,28,9/13/1953
4298268933484      ,235,1,713,429,42,37804,35.7991,-83.8852,81474,330,8/8/1991
3507731231555050      ,160,0,198,285,6,6120,41.786,-72.6758,123919,296,8/31/1976
4470123503687150000      ,24,0,982,476,38,17349,39.7423,-76.6841,7570,240,4/14/1976
4640163295735      ,261,1,602,189,27,27288,36.5,-79.759,24071,125,2/4/1965
213102915854233      ,87,1,515,645,10,30087,33.8105,-84.1361,112402,20,12/12/1984
30462159584172      ,95,0,173,351,4,92253,33.6685,-116.3081,37262,66,1/20/1945
2261344760948370      ,276,1,297,217,38,17320,39.7808,-77.3619,7823,167,3/14/1971
3599621836677190      ,252,0,111,122,17,42726,37.4336,-86.2083,4667,114,2/26/1967
213113768367595      ,257,1,160,734,45,22193,38.6438,-77.3451,184039,492,6/29/1981
30465642601867      ,85,0,206,183,40,29642,34.7901,-82.5937,60135,301,5/6/2003
3503850255134440      ,301,0,891,165,12,52101,43.3227,-91.7939,13864,193,12/8/1994
374932511497887      ,181,0,215,581,43,75089,32.9346,-96.5544,54963,391,4/15/1957
60485800183      ,169,1,923,403,5,80537,40.3849,-105.0916,82751,384,6/16/1941
676268564256      ,262,1,805,78,38,16001,40.8859,-79.934,56248,216,8/22/1958
503830286558      ,314,0,254,370,33,89134,36.2092,-115.2941,1417793,65,9/3/1927
2296338222240050      ,90,1,218,415,48,53704,43.1205,-89.3523,272940,489,1/13/1981
4339133252861320000      ,126,1,242,746,35,44505,41.1257,-80.6277,163222,3,7/27/1942
4209536773495      ,199,0,753,634,43,79081,36.1927,-101.1952,3912,268,11/10/1930
3547625380966410      ,94,0,382,477,21,4554,43.8605,-69.5079,710,192,1/19/1953
4324367924157120      ,232,1,837,439,9,33194,25.5584,-80.4582,1737737,329,2/4/1967
4939981615381160000      ,45,1,742,370,33,89179,36.2542,-115.5269,1417793,489,5/19/1968
213164931214636      ,195,1,266,115,35,45239,39.2045,-84.5799,795220,159,5/25/1959
3503694811266490      ,179,0,78,157,4,90230,33.9949,-118.3991,46915,90,8/26/1951
3599490133344370      ,325,1,359,670,4,91360,34.2092,-118.8739,78447,344,6/8/1962
213116049910042      ,235,1,893,232,2,72904,35.4051,-94.3872,90141,62,5/14/1994
4348548420353160      ,20,0,919,499,44,84404,41.2627,-111.9837,186422,380,6/28/1965
4194024702885      ,276,1,300,561,47,98059,47.5058,-122.1157,141407,64,12/9/1972
36463913810741      ,218,1,946,665,4,93465,35.5551,-120.7107,9153,269,11/3/1976
4616845525274100      ,67,1,186,484,8,19711,39.7011,-75.7375,138967,402,9/30/1972
2715675635584220      ,158,1,677,577,34,13440,43.2193,-75.4498,43037,72,7/8/1986
630486240876      ,259,0,679,710,48,53090,43.4438,-88.1963,49012,83,4/1/1983
6011381152232820      ,65,0,849,255,38,17325,39.832,-77.2223,27619,79,3/31/2001
2245113505357220      ,255,0,644,52,22,49307,43.6897,-85.4797,20112,415,11/9/1931
571945341956      ,293,1,459,105,45,22902,38.0266,-78.4804,112588,109,5/5/1964
4063578037891210      ,79,0,384,48,22,48072,42.5028,-83.1887,14970,470,12/18/1952
4696904528986060      ,39,1,749,731,6,6098,41.9252,-73.0663,12426,351,9/16/1953
2269802530843760      ,219,1,460,524,4,92571,33.811,-117.218,106213,197,7/30/1979
213104172415534      ,329,1,855,625,41,57107,43.5566,-96.8028,161141,24,7/10/1956
4257033329594520      ,320,0,830,173,22,48217,42.2719,-83.1545,673342,311,12/23/1998
4742922041678210      ,133,0,708,725,4,90604,33.9299,-118.0121,189948,286,12/31/1992
4485022061901930      ,233,1,974,723,14,60090,42.134,-87.9341,37633,18,5/1/1985
2292256471855940      ,0,1,51,597,4,92108,32.7783,-117.1335,1241364,370,10/17/1981
4437019453911770000      ,127,1,618,694,20,20603,38.6294,-76.9769,78078,47,7/26/1989
4311678706763530      ,66,1,862,41,43,77707,30.0686,-94.1755,142692,183,7/10/2000
3530003753989230      ,240,1,669,480,18,70123,29.9511,-90.206,382333,108,11/7/1974
30376591538200      ,28,0,529,400,4,94024,37.3547,-122.0862,40885,183,3/20/1958
4553375656976480      ,157,1,261,544,35,43837,40.3404,-81.5215,1973,463,7/19/1977
5506276729350970      ,209,0,143,512,20,20745,38.8108,-76.9898,28451,163,2/15/1954
4797251840703390000      ,104,1,389,455,23,55449,45.1697,-93.1889,1022298,314,10/15/1942
6011286301122000      ,309,0,435,171,5,80215,39.7435,-105.1009,990452,356,2/24/1993
3571360549469200      ,203,0,907,699,39,2886,41.7026,-71.4476,77398,42,12/18/1944
4175808038890440000      ,32,1,700,409,20,21093,39.4332,-76.6546,36465,376,1/12/1971
4901685647179      ,284,1,200,689,25,39180,32.3258,-90.8506,48264,80,11/17/1944
6011199767598330      ,57,0,508,604,4,92701,33.7523,-117.8541,348131,288,7/22/1991
372853533998243      ,57,0,785,697,4,94596,37.9053,-122.0549,82557,221,4/12/1966
4302853272769      ,160,0,511,447,30,3588,44.587,-71.181,1641,411,7/21/1975
30308972073820      ,337,1,129,532,9,33782,27.8681,-82.7086,46772,0,8/16/1998
4024234473057770      ,28,0,998,294,9,33013,25.8594,-80.2725,347944,325,2/3/1975
213134400952248      ,332,1,536,75,34,11214,40.6016,-73.9968,2504700,212,8/29/1962
3573601579115010      ,23,1,9,13,12,50021,41.7212,-93.5682,49581,457,6/14/1956
3583354883571920      ,49,1,154,76,17,42210,37.2229,-86.2923,4236,132,11/25/1987
4652824685492720      ,102,0,220,75,34,11233,40.6784,-73.9211,2504700,252,1/24/1988
2710854327163030      ,345,0,381,98,32,87010,35.423,-106.1317,1139,44,10/29/1933
180081048028353      ,240,1,938,483,34,10024,40.7864,-73.9764,1577385,334,4/1/1997
4812268159474700      ,300,0,114,412,22,48044,42.6442,-82.8985,79580,343,3/31/1999
4891426937650160      ,276,1,786,104,27,28212,35.1908,-80.7448,790689,179,3/28/1989
502062762922      ,74,1,811,598,4,94116,37.7441,-122.4863,805301,155,7/14/1974
4598125597772650000      ,105,1,577,254,20,20874,39.1355,-77.2822,82863,239,4/19/1964
30391295651886      ,160,0,609,342,10,31548,30.7977,-81.7075,20020,149,12/31/1971
676330293017      ,37,0,19,743,34,10701,40.9461,-73.8669,177756,19,9/18/1981
4336931806200730      ,13,0,676,643,10,30458,32.4408,-81.774,54956,79,11/18/1971
377406873544534      ,91,0,704,525,21,4667,44.9888,-67.0929,1638,243,6/5/1985
6011673664853200      ,291,1,879,25,19,2703,41.9296,-71.3009,43593,207,10/12/1967
213150450509282      ,98,1,751,230,40,29707,34.9773,-80.8584,67600,369,8/26/1992
4038016258515020000      ,8,1,364,244,4,93720,36.8579,-119.7655,570271,218,9/2/1991
3531112359042650      ,75,1,870,446,23,56353,45.7795,-93.6453,8996,161,11/29/1978
2256091935117450      ,288,0,716,250,4,95633,38.8665,-120.8567,3349,90,11/29/1926
6011215756264120      ,252,0,197,190,31,8820,40.578,-74.3589,100058,73,10/18/1977
3516704505998220      ,325,1,322,155,43,77954,29.091,-97.2812,11506,77,9/6/1928
346450282313428      ,169,1,745,61,19,2115,42.3427,-71.0922,386505,212,2/14/1976
4369531029771150      ,11,0,797,19,4,93203,35.1966,-118.8336,20938,54,11/23/1949
2329108739221980      ,85,0,754,156,45,22701,38.5117,-77.9928,31444,290,4/8/1966
675945991536      ,31,1,212,427,40,29836,33.1093,-81.5003,482,488,6/25/1943
503895867607      ,90,1,941,168,34,14042,42.4926,-78.4793,3969,401,4/1/1978
30210513346014      ,177,1,408,4,4,91301,34.1227,-118.7573,25488,437,7/27/1990
213163603891739      ,248,0,898,279,43,76117,32.8087,-97.2709,30645,110,8/12/1977
675916348500      ,268,0,246,58,9,33434,26.3839,-80.1749,210202,291,5/24/1993
376192767137715      ,240,1,641,85,32,88220,32.4119,-104.2395,33725,21,8/7/1997
4402234614463      ,306,0,314,77,10,31525,31.2804,-81.5305,63812,154,10/27/1940
180036470465689      ,341,0,380,20,45,20147,39.0373,-77.4805,82396,321,9/19/1992
4912706593410400      ,145,1,127,729,17,40391,37.9872,-84.1789,35262,133,9/5/1966
2701796075789840      ,288,0,983,256,50,82716,44.282,-105.4974,41750,93,3/21/1963
348981061735637      ,28,0,980,130,38,19320,39.9843,-75.8253,52342,331,12/3/1991
4881193899902      ,155,0,14,401,4,90011,34.0079,-118.2582,2383912,390,4/20/1981
3561317985490040      ,238,0,308,575,4,94928,38.347,-122.6941,43170,399,11/4/1934
3527439225517410      ,288,0,818,120,22,49234,42.1235,-84.3521,2579,150,4/30/1972
3539945413845310      ,113,1,316,701,14,61571,40.7034,-89.4194,23744,271,10/22/1964
372408992177357      ,235,1,698,181,19,2332,42.0399,-70.7163,15059,371,2/19/1930
2534024222419830      ,276,1,375,34,34,13027,43.162,-76.3237,31637,256,12/23/1945
4024350947651180000      ,156,0,483,438,3,85213,33.4367,-111.7731,478404,246,9/21/1948
213161103565944      ,65,0,248,464,36,74445,35.6619,-95.8319,3226,478,3/5/1963
4194118390936      ,265,0,252,128,31,7011,40.8789,-74.1425,83648,167,9/17/1962
4375186694081      ,154,1,448,442,46,5753,43.9919,-73.1716,10491,273,8/8/1974
180094703969647      ,123,1,651,103,40,29406,32.9352,-80.0325,195110,414,9/26/1985
372887344966866      ,154,1,69,672,35,43605,41.6525,-83.5085,316948,214,4/12/1962
180071567566503      ,230,0,170,199,43,76936,30.8667,-100.5889,3377,461,10/16/1926
4669375402428610      ,183,0,727,164,15,46733,40.8273,-84.9314,18777,197,8/19/2000
6581638493680630      ,112,0,110,207,34,14901,42.1008,-76.812,49642,302,9/8/1992
639048527753      ,176,1,661,599,4,95148,37.3304,-121.7913,973849,209,11/10/1995
4896331812335760000      ,164,0,455,91,27,27513,35.7956,-78.7941,131592,330,7/27/1971
180008989774752      ,215,0,853,528,31,8865,40.7079,-75.1507,29840,362,3/16/2002
6568740420767510      ,108,0,125,705,45,23891,37.0508,-77.2124,6607,49,12/7/1963
3506565823445380      ,351,1,363,154,31,8515,40.1476,-74.6615,4637,368,12/24/1972
60434956110      ,206,1,128,472,9,34119,26.2665,-81.7146,276002,66,6/1/1968
2668704796668290      ,5,1,670,15,4,94531,37.9658,-121.7758,102729,494,6/4/1937
60429276409      ,116,1,865,143,42,38501,36.2178,-85.5423,65014,286,8/1/1972
577473389143      ,159,1,482,212,47,98208,47.8948,-122.1987,168159,141,1/1/1958
4518664774131350      ,24,0,586,401,4,90003,33.9653,-118.2727,2383912,68,9/8/1983
4178955990984120      ,349,1,579,514,17,42003,37.0368,-88.5934,57643,81,2/28/1959
2700038146342920      ,109,0,746,73,35,44147,41.3141,-81.6731,19480,242,8/1/1962
2275530153030440      ,9,0,120,492,34,10560,41.3414,-73.5929,4737,251,8/30/1980
3534541829912690      ,291,1,71,636,42,37381,35.6935,-84.8198,8855,13,8/24/1940
4216826822175620      ,235,1,95,392,5,80123,39.6206,-105.0901,320420,284,11/29/1993
60432200743      ,182,1,405,84,14,62626,39.2885,-89.8661,8354,242,7/6/1966
4286060480224060      ,273,1,780,108,14,60622,41.9019,-87.6778,2680484,401,7/9/1969
502065562386      ,202,0,659,8,38,16602,40.5052,-78.3905,63424,469,5/5/1961
180004794719900      ,84,1,493,68,31,8302,39.3762,-75.1617,46872,103,12/31/1990
4728395167309      ,276,1,684,325,10,30143,34.462,-84.4759,21145,330,3/3/1969
3558228280183230      ,143,0,847,455,23,55423,44.8756,-93.2553,1022298,263,4/15/1966
3597521353175550      ,212,0,882,439,9,33169,25.9441,-80.2144,1737737,249,6/12/1930
6553496551564190      ,146,1,10,536,43,75025,33.0784,-96.7291,278067,264,3/7/1966
4284834927668090000      ,234,0,807,272,15,46936,40.4791,-85.9582,5922,246,3/11/1966
30358667155440      ,156,0,270,180,27,27705,36.0218,-78.9478,256789,322,6/13/2005
4364991192856720      ,276,1,162,503,29,68116,41.2879,-96.1495,518429,393,9/8/1961
4264395678446070      ,203,0,519,162,35,45405,39.7899,-84.2135,479994,359,11/21/1996
4414925316498280      ,261,1,979,126,35,44135,41.4342,-81.8044,769341,380,8/7/1954
4436877156922090      ,94,0,636,620,18,71109,32.474,-93.8013,228095,366,2/5/1980
2274773494314870      ,44,0,856,210,5,80113,39.6405,-104.9614,99594,425,9/25/1955
3523285558095790      ,108,0,671,600,43,78589,26.2044,-98.1537,38004,215,1/26/1997
4347040714697140      ,251,1,351,87,14,62821,38.0808,-88.167,7657,395,12/31/1993
502070396101      ,43,1,18,333,3,86053,36.4848,-111.137,2311,458,9/7/1950
180092855162151      ,193,1,638,21,38,19014,39.8643,-75.4332,21206,326,3/5/1975
213141335139015      ,96,0,285,322,9,32244,30.2231,-81.7556,847415,330,12/19/1991
560073565825      ,151,0,272,303,11,96825,21.2987,-157.6985,403114,57,2/16/1974
6591122321425260      ,24,0,896,252,25,39553,30.398,-88.6412,17174,217,3/27/1999
4544118185136730      ,174,1,44,119,34,14032,43.0362,-78.639,7989,427,4/13/1958
4220148333540110000      ,197,0,100,17,48,53911,43.3269,-89.3631,1351,458,7/4/1940
213176295076716      ,223,0,217,316,27,28079,35.0831,-80.6597,31979,245,8/17/1970
562645649673      ,106,1,59,668,1,36784,31.9067,-87.7598,7754,455,4/7/1989
4519701815891360000      ,152,0,225,134,38,19426,40.1913,-75.4373,38831,321,7/21/1977
3588754802933580      ,90,1,916,599,4,95112,37.3476,-121.887,973849,272,10/13/1975
5121401283319550      ,190,0,908,140,43,75428,33.2493,-95.9097,10089,71,11/2/1981
6509412460516480      ,276,1,394,612,48,54476,44.9064,-89.5818,18580,51,11/29/2002
4317303324967570      ,312,1,55,638,24,65807,37.1668,-93.3085,219752,79,7/9/1996
4079959476111070      ,326,0,768,108,14,60609,41.8097,-87.6533,2680484,462,3/2/1971
4984685606692      ,246,0,402,39,18,70806,30.4485,-91.13,378909,474,3/31/1980
3526377927110730      ,345,0,219,14,45,22003,38.8307,-77.2142,55990,178,5/23/1973
639060694309      ,156,0,575,263,16,67735,39.3491,-101.7164,5476,117,10/26/1976
639064488542      ,196,0,133,461,23,56560,46.8677,-96.7572,40766,263,3/31/1998
675986887866      ,17,0,932,511,4,93033,34.1685,-119.1717,211523,380,4/19/1987
180063992879874      ,57,0,151,150,38,16066,40.7097,-80.1046,28060,256,3/2/1993
4700510287451200      ,51,0,769,310,4,92649,33.718,-118.0505,190249,394,7/13/1972
576627501520      ,156,0,432,557,22,48239,42.3756,-83.289,53246,167,5/29/1932
4680601457927      ,89,1,859,616,47,98109,47.6339,-122.3476,837792,36,9/2/1953
30209251920188      ,53,0,343,635,47,99223,47.6156,-117.3622,342856,401,3/29/1958
341639714920751      ,288,0,260,745,45,23693,37.1256,-76.4469,45297,307,7/5/2003
4249773677249      ,105,1,550,717,14,60154,41.8524,-87.8845,16773,482,6/16/1955
374380299034805      ,226,0,608,108,14,60623,41.849,-87.7157,2680484,190,10/21/1995
6011254920369300      ,206,1,16,116,23,55014,45.1528,-93.144,27274,315,5/2/1975
3501842933598470      ,276,1,599,556,1,35582,34.4513,-88.1129,4093,376,9/19/1951
6011473650032990      ,5,1,484,424,16,66861,38.3554,-97.0204,3204,399,3/31/1992
3523169792067540      ,336,1,414,279,43,76117,32.8087,-97.2709,30645,177,1/20/2001
4835733813307340      ,127,1,245,608,4,95407,38.4089,-122.7339,209844,375,1/27/1949
347203350516029      ,90,1,729,108,14,60640,41.9719,-87.6624,2680484,220,9/25/1939
374119925512531      ,190,0,201,91,27,27513,35.7956,-78.7941,131592,256,4/20/1989
377166328246305      ,289,0,195,500,36,73160,35.334,-97.4768,640470,258,1/3/1938
180085697714338      ,240,1,906,108,14,60644,41.8829,-87.7582,2680484,334,3/26/1970
4888818930461630      ,200,0,852,614,22,49088,42.1819,-85.4685,3648,304,9/14/1949
6528007272081470      ,52,0,642,304,43,77066,29.961,-95.4947,2906700,24,12/11/1981
3589995145498360      ,179,0,494,723,49,26003,40.1027,-80.6476,43002,446,7/21/2006
4605956343180730000      ,250,1,535,356,23,55041,44.4305,-92.2838,7601,391,9/20/1989
6011548720124020      ,339,1,504,483,34,10023,40.7764,-73.9827,1577385,173,5/14/1975
4246163034387      ,77,0,921,50,20,20816,38.9585,-77.1153,80090,189,11/15/1986
2499654662897350      ,35,0,263,502,47,98506,47.1042,-122.87,167094,187,9/23/2002
30125158904184      ,290,0,168,23,43,75551,33.109,-94.1646,11007,97,8/31/1976
180047909863618      ,115,0,452,458,34,12957,44.8504,-74.5603,1726,427,5/27/1997
4371450311809      ,240,1,920,622,5,80498,39.7647,-106.2211,7413,21,5/14/1978
3519925692476880      ,240,1,354,170,43,76209,33.2346,-97.1131,139552,85,2/23/1969
343251790447085      ,137,1,686,347,14,61448,40.9107,-90.2871,3823,285,7/21/1993
